filename,true_label,predicted_label,correct,confidence,ocr_text,prob_Beauty,prob_F&B,prob_Gas,prob_Groceries,prob_Health,prob_HouseHold,prob_Lifestyle,prob_Listrik,prob_transport
guardian10_png.rf.3ef684fec3bc3393d8a1d5c232a344e4.jpg,Beauty,Groceries,False,0.6558038592338562,IEEEEEEEEEEEE1,0.0018434872617945075,0.010026838630437851,0.26728805899620056,0.6558038592338562,0.0013870906550437212,0.0007452401332557201,0.03598007559776306,0.00453027943149209,0.022395126521587372
guardian1_png.rf.501b4c49a925f135473609b35f92070d.jpg,Beauty,Groceries,False,0.6555966138839722,IEEEEEEEEEEEEEEEEE,0.0018563636112958193,0.010107365436851978,0.2676595449447632,0.6555966138839722,0.0013896925374865532,0.0007478744373656809,0.03559369221329689,0.004561711568385363,0.022487100213766098
guardian6_png.rf.deaa0d9cd745d4a5d56ee244dfd8dbef.jpg,Beauty,Groceries,False,0.655890941619873,EEEEEEEEEEEi,0.0018296788912266493,0.009943756274878979,0.26704198122024536,0.655890941619873,0.0013832388212904334,0.0007419767207466066,0.03635801002383232,0.00449926545843482,0.02231113240122795
sociolla4_png.rf.5bb881823b37dffcefab7770dde4533f.jpg,Beauty,Groceries,False,0.6551389098167419,EEEEEEEEEEEEEEE,0.0018931181402876973,0.010332752950489521,0.26851850748062134,0.6551389098167419,0.0013981715310364962,0.0007565449341200292,0.0345870777964592,0.004645173903554678,0.02272981032729149
watsons16_png.rf.3789e3ece70b8e99ef80b773631dfa88.jpg,Beauty,Groceries,False,0.6577392816543579,FEEEEEEEEEEE EEEEE,0.001746207824908197,0.009391963481903076,0.26385045051574707,0.6577392816543579,0.0013751292135566473,0.0007268157787621021,0.03934672102332115,0.00430503161624074,0.02151835523545742
bk6_png.rf.e34da0ca4e159ee4a8758c7d05821494.jpg,F&B,Lifestyle,False,0.4981353282928467,EE  2655,0.0009294994524680078,0.00836764182895422,0.35062751173973083,0.032694924622774124,0.0012188851833343506,0.0012988237431272864,0.4981353282928467,0.0016814920818433166,0.10504579544067383
fore11_png.rf.eac7281102ee00bf4c3e692a53eb3cc3.jpg,F&B,Groceries,False,0.6556304693222046,EEEEEEEEEEFEEEE FEEEL,0.0018475102260708809,0.010049314238131046,0.26749032735824585,0.6556304693222046,0.001387666561640799,0.0007464843802154064,0.035884417593479156,0.004537983797490597,0.022425781935453415
fore17_png.rf.0f1f8b58b7b9cf7cd1e36313bab53f6a.jpg,F&B,Groceries,False,0.655738353729248,2EEEEEEEEEEEEEEEEEEEA,0.0018369873287156224,0.009985912591218948,0.2672553062438965,0.655738353729248,0.0013849555980414152,0.000744098681025207,0.03617985174059868,0.004513826221227646,0.02236073464155197
fore18_png.rf.46a2d607a7721df4e7522131a9871e6b.jpg,F&B,Groceries,False,0.6556525826454163,EEEEEEEEEEEEEEEEEL,0.0018466080073267221,0.010044143535196781,0.26745834946632385,0.6556525826454163,0.0013874837895855308,0.0007463070214726031,0.035908591002225876,0.004536209627985954,0.02241971157491207
mako1_png.rf.39156945b54de01632414f7715083d17.jpg,F&B,Groceries,False,0.6565706133842468,IEEEEEEEEEEEEEEEEE,0.0017245514318346977,0.009300458244979382,0.26484164595603943,0.6565706133842468,0.001357446308247745,0.0007181852706708014,0.03961171209812164,0.004265719559043646,0.021609658375382423
mako3_png.rf.b02214a0723988da9cd317792beeaf83.jpg,F&B,Groceries,False,0.6566155552864075,LLEEEEEEEEEEEEEEEEEEEEEEEEE,0.0017126324819400907,0.009229597635567188,0.264592707157135,0.6566155552864075,0.0013549993745982647,0.0007159062079153955,0.04000813886523247,0.004241816699504852,0.021528705954551697
mako8_png.rf.b3d1f530f292958bb089ff66ee1009b4.jpg,F&B,Groceries,False,0.6566194891929626,EEEEEEEEEEEEEEEEEEEEEEEEEI,0.0017136555397883058,0.009235970675945282,0.2646041512489319,0.6566194891929626,0.0013551394222304225,0.0007161478279158473,0.039974749088287354,0.00424362625926733,0.02153712697327137
mako9_png.rf.eaf81c62e2dce9241cf03c3bfd0438fc.jpg,F&B,Groceries,False,0.6566310524940491,EfsstfEet,0.0017103746067732573,0.009216783568263054,0.26453641057014465,0.6566310524940491,0.0013544867979362607,0.0007154996274039149,0.04008321836590767,0.004236976150423288,0.021515268832445145
mcd13_png.rf.13e8a7990ec4540ea3d1a10d3ee373c7.jpg,F&B,Groceries,False,0.656679093837738,EEEEEEEEEEEEEEEEEEEEEEEEH,0.001687147538177669,0.009083577431738377,0.26412928104400635,0.656679093837738,0.0013491286663338542,0.000710409483872354,0.04080842435359955,0.004194473382085562,0.02135849930346012
mcd6_png.rf.d9f278500aa90d8d718ffe069508979f.jpg,F&B,Groceries,False,0.6570371985435486,esEEEEEEEE,0.001571949222125113,0.008412946946918964,0.2612727880477905,0.6570371985435486,0.0013251053169369698,0.0006875286344438791,0.0451485700905323,0.003950911574065685,0.020592937245965004
mcd9_png.rf.3e3fe0f0fb655345247327f8b8d98aae.jpg,F&B,Groceries,False,0.6570135951042175,EEEEEEEEEEEEEEEEEEECCEEE,0.00158365024253726,0.008480559103190899,0.2615578770637512,0.6570135951042175,0.0013274638913571835,0.0006903099128976464,0.044694799929857254,0.003978463355451822,0.020673226565122604
sbux12_jpg.rf.3b748fe56b7a1af48e156df3d090dda1.jpg,F&B,Groceries,False,0.6574228405952454,2eEEssEtEEEes,0.0016007523518055677,0.008563761599361897,0.2614428997039795,0.6574228405952454,0.001335043809376657,0.0006953924312256277,0.04422039911150932,0.004009115509688854,0.02070975862443447
solaria14_png.rf.ac9331b45451bd4550b7d15093f67401.jpg,F&B,Groceries,False,0.6568276286125183,EEEEEEEEEEEEEEEEEEEEEEEEES,0.0016681329580023885,0.008969869464635849,0.26357221603393555,0.6568276286125183,0.001345541444607079,0.0007072014268487692,0.04152616485953331,0.004152012523263693,0.02123129367828369
tongtji19_png.rf.5a21bdedc6a324aeaa8b685d2693f978.jpg,F&B,Groceries,False,0.6566806435585022,aaEEEEEEEEEEELAEEEe,0.001737514859996736,0.009368971921503544,0.26493605971336365,0.6566806435585022,0.0013622896512970328,0.0007210929179564118,0.03924895077943802,0.004291353281587362,0.02165306732058525
UC-BATANG-13-FEB-2026-pdf_page_1_png.rf.0a456166f24dae4655c4b07cb1604d4a.jpg,Gas,Groceries,False,0.6553477644920349,1EEEEEEEEE,0.0018775328062474728,0.010236494243144989,0.2681196928024292,0.6553477644920349,0.001394565450027585,0.0007532650488428771,0.03502972796559334,0.004607109818607569,0.022633804008364677
UC-BATANG-13-FEB-2026-pdf_page_3_png.rf.eee5983b606cec2d9f904ea9b5fca55c.jpg,Gas,Groceries,False,0.6555110216140747,EEEEEEEEEEEEEEEEE,0.0018632446881383657,0.010148837231099606,0.26780030131340027,0.6555110216140747,0.001391322468407452,0.0007500916835851967,0.0354200154542923,0.004575279075652361,0.022539854049682617
UC-DEMAK-19-FEB-2026-pdf_page_1_png.rf.4f2eb2a7e4e3fd98bfcfc8ff579c354b.jpg,Gas,Groceries,False,0.6552572250366211,CsfsEEEEEEEEE,0.0018853237852454185,0.01028184313327074,0.2682923674583435,0.6552572250366211,0.0013969010906293988,0.0007550171576440334,0.0348312109708786,0.004625221714377403,0.022674893960356712
bensin-affan1_jpeg.rf.59aa403b8196f7627ca9d7afcfb54dbb.jpg,Gas,Groceries,False,0.656705379486084,EEEEEEEEEEEEEEEEEEEEEEE,0.0013409231323748827,0.007114183623343706,0.25484585762023926,0.656705379486084,0.0012713379692286253,0.0006306514842435718,0.055577680468559265,0.0034381526056677103,0.01907588541507721
camscaner-bensin-yani1_png.rf.d59ec21cf30fbb5e7476c227b92fc1b6.jpg,Gas,Groceries,False,0.6568974852561951,EEEEEEEEEEEEEEEEEEEEEBH,0.0016169294249266386,0.008668974973261356,0.26240652799606323,0.6568974852561951,0.0013346318155527115,0.0006976344157010317,0.04344197362661362,0.00404694676399231,0.020888838917016983
shell3_png.rf.62a8d63be42ebed0f8a4fa11f5715c46.jpg,Gas,Groceries,False,0.6559949517250061,rcfcssee-Cc:,0.0018025259487330914,0.009777707979083061,0.26660850644111633,0.6559949517250061,0.0013762995367869735,0.0007354287663474679,0.03713357076048851,0.004439678508788347,0.022131353616714478
receipt-067_png_jpg.rf.930186f0b80cca504c3de8ce3f66565d.jpg,Groceries,Groceries,True,0.6541517376899719,EAEEELEEEEEEEEEEEEEEEEEEEEEEEEEFEEEEEEEE,0.001982608810067177,0.010881473310291767,0.2703135907649994,0.6541517376899719,0.001418927451595664,0.0007758192950859666,0.03231220692396164,0.004849393852055073,0.023314250633120537
receipt-194_png_jpg.rf.fbbcb327197ccec715d944834b2ee1bc.jpg,Groceries,Groceries,True,0.6542845368385315,IEEHEFFFEFEEEEEEEEEEECEEEEEEEEE,0.0019722466822713614,0.010816357098519802,0.270082026720047,0.6542845368385315,0.0014171624789014459,0.0007737938431091607,0.03259040787816048,0.0048238737508654594,0.023239588364958763
receipt-202_png_jpg.rf.348272ee42b0f9c493843cc37af5c342.jpg,Groceries,Groceries,True,0.6541604399681091,EEEEEEEEEEEEEEEEEEEEEEEEEEEEEEEEEEEEEEEE,0.001982970628887415,0.010883968323469162,0.270309716463089,0.6541604399681091,0.0014189814683049917,0.0007758736028335989,0.032301321625709534,0.0048501561395823956,0.023316500708460808
receipt-478_png_jpg.rf.19639cab6d0d952b16f593c11c17d7d8.jpg,Groceries,Groceries,True,0.654292643070221,FEEEEEEEEEEEEEEEEEFCEEECEEEEEEEEEEEEE,0.0019698275718837976,0.010801564902067184,0.27005821466445923,0.654292643070221,0.0014166320906952024,0.0007733102538622916,0.032645393162965775,0.0048197051510214806,0.023222777992486954
receipt-484_png_jpg.rf.7292d82ef8903bf1b90c84f5fb2c59fa.jpg,Groceries,Groceries,True,0.6545162796974182,IECFETEETEEETEEEEEEEEEEEEEEEEEEEEEE,0.0019516136962920427,0.010693501681089401,0.269685298204422,0.6545162796974182,0.0014119676779955626,0.0007697595865465701,0.03308092802762985,0.0047777798026800156,0.02311287634074688
receipt-491_png_jpg.rf.12926ce9a821a4e50e5533d7617b9aa7.jpg,Groceries,Groceries,True,0.6543104648590088,EH FFFFEEEEEEEEEEEEEEEEIEEEEEEEEE,0.0019700992852449417,0.010803126730024815,0.27004000544548035,0.6543104648590088,0.0014167084591463208,0.000773344945628196,0.03264286741614342,0.004819055553525686,0.023224346339702606
1dental11_png.rf.46847a727f668de66dd62216c6968d7a.jpg,Health,Groceries,False,0.6559919118881226,EEEeefssee :,0.0018098960863426328,0.00982119794934988,0.2666749656200409,0.6559919118881226,0.0013780214358121157,0.0007375989225693047,0.036948833614587784,0.004452144727110863,0.022185420617461205
1dental9_png.rf.0d7ec1aef7fb5e4cd37d8be087450ac8.jpg,Health,Groceries,False,0.6553990244865417,E,0.0018703414825722575,0.010192512534558773,0.268006294965744,0.6553990244865417,0.0013930621789768338,0.0007513075252063572,0.035212449729442596,0.004592957906424999,0.02258205972611904
apotek2_png.rf.bc26d6cb359072c3e0d9c6ecf5f2aa55.jpg,Health,Groceries,False,0.6559836864471436,EEEEEEEEEEEEEEEEEEE,0.0018097154097631574,0.009819136932492256,0.2666723430156708,0.6559836864471436,0.0013783631147816777,0.0007376987487077713,0.03696935251355171,0.0044525195844471455,0.02217714674770832
halodoc9_png.rf.27c9fc0c82bb2fb9d123174351ca05de.jpg,Health,Groceries,False,0.6557404398918152,EEEEEEEEEE,0.0018385722069069743,0.009994309395551682,0.2672542929649353,0.6557404398918152,0.0013855380238965154,0.0007446615491062403,0.03615596890449524,0.004515790846198797,0.022370407357811928
azko20_png.rf.84f58140bd6604d26f6d9f62a114b01e.jpg,HouseHold,Groceries,False,0.6551517248153687,HEEEEEEEEEEEEEEEEEEEEEEEEHEEEEEH,0.001892746426165104,0.010330338962376118,0.2685072422027588,0.6551517248153687,0.0013980874791741371,0.0007563094259239733,0.03458995744585991,0.004645027685910463,0.02272862195968628
azko4_png.rf.99a32bd6565ee4d338c4109e20e3574b.jpg,HouseHold,Groceries,False,0.6550242900848389,EEEEEEEEEEEEEEEEEEEEEEEEEEE,0.0019052278948947787,0.010408026166260242,0.26876381039619446,0.6550242900848389,0.0014011072926223278,0.0007590902969241142,0.03425633907318115,0.004674071911722422,0.02280801720917225
azko9_png.rf.336ef53408a2a480f8afe928bf2249d1.jpg,HouseHold,Groceries,False,0.6555549502372742,EEEEEEEEEEEEEEEEEEEEEEEE,0.001855966867879033,0.010102342814207077,0.26769155263900757,0.6555549502372742,0.0013896181480959058,0.0007479831110686064,0.03561784699559212,0.004560092464089394,0.022479629144072533
mr-diy20_png.rf.250eadc79bfc0c76826fb936510fe927.jpg,HouseHold,Groceries,False,0.6551541090011597,2EEEEE2EEEEECL CAEE,0.0018941247835755348,0.010338853113353252,0.26852768659591675,0.6551541090011597,0.0013984745601192117,0.000756449589971453,0.034547701478004456,0.0046483660116791725,0.022734368219971657
Screenshot-2026-05-07-000222_png.rf.697ca58a545f786a9921bbbec102a431.jpg,Lifestyle,Groceries,False,0.6564459204673767,-EEECLEEEE,0.0017788199475035071,0.009627262130379677,0.26578620076179504,0.6564459204673767,0.001372014987282455,0.0007307022460736334,0.03792833909392357,0.004382046405225992,0.02194872312247753
WhatsApp-Image-2026-05-06-at-16-20-50_jpeg.rf.ca3b49f3017eff80669896b786bd4a33.jpg,Lifestyle,Lifestyle,True,0.9977542757987976,EECEGEEEEe,1.1525255558808567e-06,2.6580566554912366e-05,0.00015138674643822014,0.002008817857131362,1.554825394123327e-05,2.6891631932812743e-05,0.9977542757987976,3.6208669484949496e-07,1.5030527720227838e-05
WhatsApp-Image-2026-05-06-at-16-20-53-2-_jpeg.rf.1d9d3a4e8a813af2b85857a68e912585.jpg,Lifestyle,Lifestyle,True,0.9996262788772583,ssgg,1.7212605030181294e-07,5.4658394219586626e-06,2.0075614884262905e-05,0.0003333940403535962,3.7310555853764527e-06,9.591437446943019e-06,0.9996262788772583,3.236460344169245e-08,1.3646886145579629e-06
IMG-20260503-WA0061_jpg.rf.6500653f9bc657c9e4c8497c641a66eb.jpg,Listrik,Groceries,False,0.6536114811897278,CEEEE 25EGGEEEEEE,0.0022002155892550945,0.012276733294129372,0.27269110083580017,0.6536114811897278,0.0014401656808331609,0.0008107749163173139,0.02672964334487915,0.0053519136272370815,0.024887949228286743
IMG-20260503-WA0062_jpg.rf.077072fbd09be91abe6de90682e2c284.jpg,Listrik,Groceries,False,0.6536186933517456,CGEEEEE EEEEGGEEECEC,0.0021987284999340773,0.012267124839127064,0.27267566323280334,0.6536186933517456,0.0014400345971807837,0.0008105828310362995,0.026763182133436203,0.005348505452275276,0.02487744390964508
IMG-20260503-WA0067_jpg.rf.475ee93dd64f79d60f0ebefb418a25ff.jpg,Listrik,Groceries,False,0.6536239385604858,CEEEEE 2EEGEEGGEEEEC,0.002198911737650633,0.01226845569908619,0.2726711630821228,0.6536239385604858,0.0014400777872651815,0.0008106075110845268,0.02675940841436386,0.0053489129059016705,0.024878568947315216
IMG-20260503-WA0069_jpg.rf.b30254a2e724e504bc915ee5a93df855.jpg,Listrik,Groceries,False,0.6536334753036499,CGEEEEE EEEEEEECEE,0.002195635112002492,0.012247147969901562,0.2726439833641052,0.6536334753036499,0.0014397719642147422,0.0008101065759547055,0.026833148673176765,0.0053413063287734985,0.024855436757206917
WhatsApp-Image-2026-05-05-at-10-54-09-1-_jpeg.rf.1f979b9ce06d15cc01ffb17ae69b58ae.jpg,Listrik,Groceries,False,0.657427966594696,ssseEEEEEEEL,0.0018331395694985986,0.009923935867846012,0.2653539478778839,0.657427966594696,0.001399060245603323,0.0007482030196115375,0.03675041347742081,0.004494708031415939,0.02206866629421711
pln2_png.rf.3af8d625081d36ac243f8d1a93e73917.jpg,Listrik,Groceries,False,0.6562397480010986,EE,0.0017795524327084422,0.009634042158722878,0.2660088837146759,0.6562397480010986,0.0013708921615034342,0.0007305553299374878,0.0378800630569458,0.004383229650557041,0.02197316102683544
tol133_png.rf.4d9ef05dd73b105a64958ff41073488d.jpg,transport,Groceries,False,0.6563801169395447,EA SCELE,0.0017643618630245328,0.009537636302411556,0.26563045382499695,0.6563801169395447,0.001367424614727497,0.0007272248039953411,0.03837692365050316,0.004347929731011391,0.021867968142032623
tol35_png.rf.e8a5bfd30cbc041a0b4c77dd2baa803e.jpg,transport,Groceries,False,0.6565592885017395,tsEEEEEEEss i,0.0017233830876648426,0.009292828850448132,0.2648129463195801,0.6565592885017395,0.0013573502656072378,0.0007181742694228888,0.03966859355568886,0.004262177273631096,0.021605221554636955
tol43_png.rf.edfc19a06f31a238307d51a8ce0beca1.jpg,transport,Groceries,False,0.5646523237228394,FfEE2EECISAHr: : 5i,0.02622782438993454,0.04400908574461937,0.20680548250675201,0.5646523237228394,0.008864026516675949,0.0018300047377124429,0.05591708421707153,0.01676587201654911,0.07492826133966446
tol69_png.rf.6f7a26eb04afcf7e79150186877a3c72.jpg,transport,Groceries,False,0.6572089195251465,EEEEEES2GEEEEEECEEE,0.0017004687106236815,0.009167722426354885,0.26378992199897766,0.6572089195251465,0.0013535015750676394,0.0007135352934710681,0.04038786515593529,0.004220447037369013,0.021457649767398834
tol77_png.rf.91d56756ada9742a1e451622526aa07c.jpg,transport,Groceries,False,0.6572729349136353,EEEEEEEESECCC,0.0017228517681360245,0.009291579946875572,0.2640550434589386,0.6572729349136353,0.001360410125926137,0.0007188461604528129,0.03974355757236481,0.004263509530574083,0.021571243181824684
tol84_png.rf.921c68973eca54659e2dc2d17dce5cdd.jpg,transport,Groceries,False,0.6569492220878601,ssaassssce,0.0017104984726756811,0.009224140085279942,0.2642132043838501,0.6569492220878601,0.0013551050797104836,0.0007157077197916806,0.0400664396584034,0.004239366855472326,0.02152630314230919
tol95_png.rf.b9e32e36ad7cfcde0a8f7b0e73bfad8a.jpg,transport,Groceries,False,0.6570196151733398,sssssssEfEEE,0.001309655955992639,0.0069314599968492985,0.25307127833366394,0.6570196151733398,0.0012663163943216205,0.0006233018357306719,0.057571105659008026,0.0033623187337070704,0.018844883888959885
tol96_png.rf.6a4f3fa31bfcec00fc0bd9c9dfd5ff18.jpg,transport,Groceries,False,0.6551759243011475,tsscssssss,0.0011662420583888888,0.006133063696324825,0.24762380123138428,0.6551759243011475,0.0012302526738494635,0.0005841746460646391,0.06721700727939606,0.0030323422979563475,0.01783721148967743
