,Beauty,F&B,Gas,Groceries,Health,HouseHold,Lifestyle,Listrik,Transport
2024-01-07,150372.53561475844,495826.48679719656,201683.92769145788,799914.5308226063,100000.2639794283,297185.1709409372,249395.54814519183,349130.36895604356,180011.54577918933
2024-01-14,152637.27881397045,510494.9906137792,203195.75179026282,811629.6974959357,102127.92140103043,306411.5212486469,253803.08641997117,356076.11738781637,183721.01677964875
2024-01-21,155928.17231825367,516484.79365156253,208335.22205300216,819329.2038371917,102906.34320171866,309931.76824611786,259684.68610622856,360966.520997283,186289.105919635
2024-01-28,159207.58755307522,528310.8805407136,210715.24507819157,846551.1957762133,104228.78629727752,314346.1303329029,262994.6552099316,368757.8053909506,188025.65438752968
2024-02-04,160396.26327635846,533331.446466647,213923.21044326047,859330.726561175,106772.65044685485,320207.2385302321,267445.55067817256,373248.46453925176,192296.7574736516
2024-02-11,162750.36275425937,538574.3463215763,218118.28056678164,867813.1722887071,108006.95410169041,325575.14290745876,272467.8422262746,378211.0048134827,196225.5951867949
2024-02-18,166278.0798266727,546243.3779554327,220777.21649846964,880767.5373491243,109808.37671120446,329280.223433277,272769.42191568617,385671.22084384534,197844.76578673182
2024-02-25,167619.3800194428,556932.8922752471,221148.6798064532,892964.0447245662,111288.64582230999,330779.2588595076,280054.21786036267,390141.17054376646,200230.81970483062
2024-03-03,168396.24506598842,563143.8091057691,226474.34149031207,893741.0211347985,112272.27636578158,338842.30100621,281338.1020811444,395116.1810321858,203385.7598818429
2024-03-10,170589.7962168231,565015.4623843511,228290.5929329923,905525.7956059942,114181.4845566578,342278.0649301854,283123.7605428533,396338.9080162221,203578.67551642735
2024-03-17,170979.31953185293,572686.090485151,227810.2810337735,916920.4336596194,114381.29424994267,343631.04858993384,285433.261976327,400476.8190187097,204203.73646533614
2024-03-24,171814.812652053,569726.5664017632,229947.95015641162,913191.4287992199,114926.31049129252,342621.6914288241,286893.2199724935,402680.1523416838,206452.36395310386
2024-03-31,172864.24218012928,575444.0354248977,230737.72415488912,922149.007603092,115432.9505563249,345063.3036519882,285640.6158314518,403704.8186087664,206783.56801562186
2024-04-07,171440.76235985925,573224.8679784358,230761.63715696073,916577.5263460537,114681.06513667802,345741.663113861,289994.8770232375,401931.7919895857,206581.2453642452
2024-04-14,171446.88557027807,574172.3228793709,229770.46010570507,923148.7809679362,115679.93852348538,346379.33947366854,287952.6136147764,403322.7252981879,207130.84812328662
2024-04-21,171858.00125671612,574384.2196904472,229034.66583692445,918682.5908902601,114815.26245916351,345561.94454037084,287686.6141691373,402623.251626605,207178.01536689835
2024-04-28,170740.66986583578,569516.6106070788,228641.503537124,908207.7031688397,114668.76911267832,341899.32571400545,287023.25922336185,400179.91313129093,205791.99214189284
2024-05-05,170649.77555641247,567085.5779959788,228391.51576188073,913534.1043883142,113073.4647547906,340951.1734485523,282747.0303563263,393981.540897438,204773.1910337768
2024-05-12,168356.35013983923,565973.6260113032,225926.75774990124,898594.264074035,111914.69941464538,338760.6569998831,282320.7868679276,394701.3826337405,204476.90876443998
2024-05-19,166331.3970058252,556526.5195989477,222816.8853770161,889508.9890883513,112002.69468356362,336964.9830468735,278649.8232727543,394450.053809874,200560.15876279018
2024-05-26,166597.53106918998,553750.2119218257,221436.09136731343,883459.8474155841,110520.40109138131,332053.34879473475,276888.954289852,385532.6184288392,198848.4671621788
2024-06-02,163219.0609922711,541803.710255476,215002.6483362179,875999.3132251068,108474.56970124523,327960.37146633526,269654.9544206206,379965.44925323717,195607.77983482397
2024-06-09,161142.75567478975,538298.2088490343,215938.24506207055,855094.6301708801,106959.90814021188,322309.95898444165,268362.98132682143,376534.9488624672,192548.8076776303
2024-06-16,157574.78870319002,532415.0876944786,209784.7526783554,846344.5852279259,106324.95062077414,319402.3884035055,263652.0572516869,370714.4781683002,189845.60292334415
2024-06-23,155669.9570215733,514081.7022995723,207741.88447855308,834132.5676811471,103457.45676354444,312771.1323238736,260670.73546323797,366269.85602440214,186863.01016359107
2024-06-30,153517.81060062832,509456.49072247685,203459.8216498351,821090.3886068974,103111.0822488586,305577.6054514315,256311.91966478678,355812.8409299666,184445.07060780755
2024-07-07,149888.19990363848,503947.49727363535,199707.2453065527,804713.4733502032,100050.65302381286,303607.9451285982,250367.87610931447,353033.28731098503,183015.90231207694
2024-07-14,148350.04502882372,493053.2915851075,198585.1888074645,788229.3367240106,99031.37697284718,297183.3979389375,245890.2351948874,346525.8721423406,177037.48672542916
2024-07-21,144974.16709100417,485676.68504490575,193431.8269432791,772287.7516957691,96785.454834421,290184.7261851938,242236.0784700421,339075.4178133883,174134.61255507797
2024-07-28,142640.77001821532,474688.50480174477,190825.89098914445,762262.1239618404,95541.28726924803,284999.8412100217,236978.43110012315,333931.6302443369,171374.63768487223
2024-08-04,139959.50069296456,468252.4099758043,187167.4536239696,744568.9407634528,93335.1301003673,281266.42462198436,235070.44737287617,329426.70544778253,168849.15574640268
2024-08-11,139503.70559415614,459992.4634307679,184629.70343492235,724925.2484968185,91994.93485081347,276923.7711044502,229729.31925906474,323793.71147852344,165974.5920776886
2024-08-18,135994.47276235814,456268.1074238548,181416.28279894235,727104.0828481591,90690.19004163891,272305.12976027,223040.5908607006,315343.77279266465,164361.20103164722
2024-08-25,133318.98219486684,447676.93674686557,177533.3616312564,718881.1547861247,88907.08319983176,268691.49379333184,223051.914748529,314363.8960738508,158750.96560641882
2024-09-01,133082.43066100767,442395.746578289,177616.96278868752,697031.0541347942,88680.76015733025,267480.98001572513,219477.69018549556,308973.0128873638,156810.38948914025
2024-09-08,130173.16737896614,435932.97463950847,174291.31023876456,695101.3444688637,87135.92662772714,263784.9149612412,216442.23875808113,306001.39660989743,156860.26978492414
2024-09-15,130159.2446635774,432122.9743308982,171780.21405777204,695823.800869748,86554.09802054589,260291.1473215452,215124.2116477615,303467.4876580085,156990.6865295779
2024-09-22,127753.42067685371,429662.5154296627,171869.44919871882,697420.2393175857,85651.60749253811,259858.3124106783,215508.71603939708,301257.8123990513,153658.72469527123
2024-09-29,127766.17669207371,430193.85111843754,173183.84809563102,686815.5280506886,84560.3773231007,255975.8466022038,216264.6614165562,302530.8926536816,151807.91036877266
2024-10-06,128774.81355695965,427704.76423147536,172353.1119155239,683099.5489287251,85655.93120540513,257851.22583503585,214770.09330909426,299983.5513737321,154866.66262166665
2024-10-13,129373.96963195219,430124.83613209316,171411.50746153298,686309.052619344,87086.38750877688,260354.19891851093,213942.07025965638,298621.0735682259,154803.43513767922
2024-10-20,129467.3064170722,436317.769350546,172102.44923725454,695306.3334428846,86618.1556147355,258350.4915692709,216134.5139209296,301101.8098998057,154225.34868129616
2024-10-27,130089.27116015692,436097.83633173956,173246.37477804677,691688.1826005585,86774.37472476489,259080.56385096756,216386.14939880642,304056.7329556306,155324.22320568888
2024-11-03,131094.18621758482,436918.3211338363,177170.0999692632,697176.6399162083,87415.23057824704,261661.89464566397,217998.43952067403,308564.4918474989,156711.2474394609
2024-11-10,131645.64782519516,445518.16586531233,177387.98787619255,706093.2356071159,88514.25915838651,263874.6290799279,219814.61219466,310816.0074405923,159404.92896729146
2024-11-17,133919.20304453626,447176.7655702205,179708.82324830082,713301.8119714041,89912.95035814248,267741.02953947306,221908.69099294755,312249.4310641347,160787.21969243407
2024-11-24,136063.74088014837,449602.0885232827,182909.2433985228,728006.5210419431,90349.07356459108,272262.6777688514,226861.29529741438,322637.2622570473,164135.72147711986
2024-12-01,139369.76637110335,459402.8665608371,185008.02209427874,745575.6455748872,92941.77731496055,275045.49887411034,231159.10803146544,323809.51443090284,163723.14564511302
2024-12-08,141188.7255831858,465093.05975080014,187648.9736755252,752924.3803778477,94311.69856839358,281885.4512329433,234764.2401891638,331070.96147885366,168346.0475605963
2024-12-15,142115.29489611916,477246.4663320341,191053.75016776996,763990.9860589146,95984.14287128144,288228.5657859624,238542.66636113447,334422.17477073596,171111.6414503495
2024-12-22,146303.54723577836,486914.3268104148,194675.71108556227,777822.0043042433,97592.89404189304,290759.3342472442,242251.95785534946,341741.1752819431,175041.8744999435
2024-12-29,148473.10142324935,500064.1370592268,198311.99527490558,787144.1068108751,99184.4170845547,299802.75215258583,248696.8296288755,348580.20052788424,178030.05277763278
2025-01-05,150995.19867318094,505826.95234577847,202731.4831081842,811547.8533667775,101338.35740025702,303771.9684796122,250858.4020557508,355638.58448352764,182521.5276099987
2025-01-12,154702.62442988987,513598.47272217524,205710.43550348625,822322.6096826646,103125.15187571016,310033.6053049545,258043.14691440304,361752.7513653501,183419.23756141702
2025-01-19,157718.5457299605,525224.5009132539,209993.03486133364,836319.6594821097,104453.17703658852,312903.8403453989,260322.72220648915,367732.0356223343,188375.29763440392
2025-01-26,160266.66542351674,526366.1795080788,212676.89053213084,863802.8587203372,106092.00266967127,320418.19850895915,265006.46484360803,371774.4106668293,191984.34918190603
2025-02-02,161445.3553383944,540838.2646646426,216178.3264980646,865593.7768644567,108100.77380150525,322511.6361110298,268291.132646416,377173.9042151368,196160.7048698794
2025-02-09,164196.9463634932,550023.3484693229,217240.27350931006,873946.7325749879,110393.74717266868,330193.082542018,273421.3400586957,384249.3929822911,196881.03740047384
2025-02-16,166845.00796200524,551625.402347059,223045.0748593059,886809.5583535915,110444.82005447475,333450.87978659547,278880.07455385174,390358.2816996529,200207.88521006037
2025-02-23,169278.35299133026,564681.698927979,225075.41400388264,903509.4849487257,111630.7001311161,337923.26512195414,281555.69202053576,392885.8584476141,200632.55646188007
2025-03-02,169891.86035046607,568350.3777815695,227999.66481499304,908459.7004626846,113583.20777318494,338739.09014926275,284975.09602145175,399116.94667398353,202148.7286507383
2025-03-09,171546.52212504615,571247.6680737282,226018.0997651984,909904.3086602988,114482.62142262406,342028.92795167316,286795.6221116575,403142.20080553694,206783.2165672564
2025-03-16,172000.0217443682,577681.1979148414,232528.072004611,925435.7049376218,115306.51948210034,346555.3882771255,286670.03433912486,401665.9086663245,207390.723305564
2025-03-23,172769.8451725806,584566.7326133145,231416.41055936628,923551.4244079299,115899.97669271498,345911.47827494587,289031.51370399236,403758.38909651904,209461.0615895879
2025-03-30,174795.05501666083,581073.5344705301,233355.73034989106,936483.3812374844,116012.17263925937,349066.130737879,289334.1855050451,406187.5518299344,207786.73017976544
2025-04-06,175395.79273819114,581882.5938549609,231464.91102855848,934339.4600855947,116997.34019714304,346706.51872383564,292294.23982465384,407421.7518417781,209722.24718569146
2025-04-13,174189.456526888,579663.1448113937,232937.3927291603,927509.1877137559,115361.8574228106,349759.1895551465,288909.7877220892,405650.0906680786,210774.0929981774
2025-04-20,174535.25675047628,577150.7459998622,230656.72720623604,931964.6365245793,115440.82287231472,345716.42918196175,290754.8005734985,407859.10453448445,208916.86353999024
2025-04-27,173274.4103982827,578753.1174730172,230047.14221196683,922955.0667327602,115283.82820625679,346834.8166655132,289454.83130346425,404416.21155981696,207852.74341042832
2025-05-04,171433.14041442258,570916.3912031492,231136.67166103536,920301.6559291631,113789.7257480072,344772.4068612218,288815.32563610584,401208.6528719663,206308.07674919363
2025-05-11,170811.30507402183,568646.4434926836,227196.32875909068,911486.9759085941,113605.57837771099,340035.35901213664,283721.6557090307,395414.4278629746,203234.51673245532
2025-05-18,170047.04238008655,561784.2395672108,225408.78614682914,897379.9864746341,113426.41171968871,338660.0697611012,282379.59429153695,391782.1905501383,203892.23358842375
2025-05-25,166974.31513657674,557868.0651173968,223538.31395190107,888098.7855555795,111344.56635475415,334393.03272681875,281187.3725721889,390161.19707511476,199851.6497232665
2025-06-01,166064.7661329069,550471.7665667054,220350.7264093678,883540.0213559055,110042.87271355695,328974.3039978037,274046.7535555769,381014.28556667065,198323.5750000004
2025-06-08,160630.1908666169,544577.1821762589,216943.75183138918,865834.2303765563,107766.58408053652,323677.16736325406,269072.8658483916,381160.44808780693,193707.26875770692
2025-06-15,160762.66689454194,532545.7590570649,213893.28102414694,852498.6862337549,106455.9793068206,317348.5414950122,264560.3874847162,373397.7908102897,191113.97432145564
2025-06-22,157646.4195395562,524595.7601230252,212511.59456974172,836612.2256206163,104866.49130208975,315686.74354770465,263526.11376670597,373364.7259196718,190388.93974535313
2025-06-29,154713.25331890694,514011.45348306536,206525.72631197484,828027.7766984076,103132.8150061261,307527.8135064696,255875.24362618732,365559.70737934293,185612.43853804554
2025-07-06,152323.1558425172,506403.71771686175,203206.87939353575,820273.2210642558,102143.71207091228,304651.68681939313,253291.8266173536,354942.57973575324,184013.150240577
2025-07-13,148080.4850025242,499513.790194195,200478.86998064077,793442.7306815155,99992.95332267914,298747.1510528263,249831.91096459015,348813.28751867823,179414.98643301718
2025-07-20,146762.78236597552,491650.92581445887,197008.90764209614,783710.4046632437,97395.96187610057,294873.7867268646,245110.69655746012,344573.1856404954,174655.3355425623
2025-07-27,144630.2649326045,478902.6883694583,193670.27097752132,775581.8449095055,96364.87272519646,288271.7927587066,241135.8569201814,339826.22324328823,174037.7774445234
2025-08-03,143022.09135910316,475219.5842187542,189856.9579894252,756554.3455046013,94858.2247579464,283333.1699715734,236800.64702899609,328265.34774243005,169765.50190467638
2025-08-10,139228.68446547957,468780.3850776284,185013.51125951597,746435.5518739847,93648.33260538385,280332.58031480206,234294.22748194978,322647.7462370606,168169.68448718716
2025-08-17,136901.1156521521,459391.8734391325,184976.74600473043,729123.6837771299,92461.92757949885,275517.5587522702,227988.74761461315,319762.2394170311,165031.67280597246
2025-08-24,135238.83778230578,456742.5080813757,179673.86202697354,724994.0580687994,89902.55661408218,271704.54506576253,225179.0153519171,317455.15375554067,161349.3802728444
2025-08-31,134654.96373861728,444626.9008367102,178927.18499902668,713749.6210751324,88906.84601128865,268640.72568539425,222314.86261064603,313462.4904675167,160909.95986924236
2025-09-07,132838.25362209958,438860.6642079042,176034.64453645374,711098.6015286118,87765.67126377924,262880.022394899,222023.89024791963,311252.71072254964,161086.6291757633
2025-09-14,131108.166987909,433904.8231801868,175276.51117438602,706112.142290175,87553.31483093601,264146.15730144904,220301.3101367176,304746.66598707397,158250.2723815441
2025-09-21,131111.01401800895,439493.65558930277,174630.18033453543,707563.9262650022,87383.88814933914,262370.83007736824,218440.80405443802,300974.2296072104,156819.5101541038
2025-09-28,130338.01456416899,435853.268814745,174008.29908499419,697066.30017103,87337.13819306651,259005.38811145118,218588.04442054234,305453.6731134806,157286.05674435073
2025-10-05,130856.54154636787,433627.8976676179,173928.6644921929,695330.1602181591,86715.39635715754,259893.99489642508,215410.87858822654,302187.4580637367,156345.67098284463
2025-10-12,129796.47004995804,435109.9544670197,175377.72442954668,695833.5898482616,86722.0828186166,260587.05880929064,219289.046590049,300554.6692681739,156576.19265167575
2025-10-19,130595.92376964178,433325.1786470545,174909.09480763413,696409.5768532378,87303.65924918445,261481.59558257763,219973.49890979053,305551.0924411393,156027.54180056494
2025-10-26,131384.8164305094,445044.0384335704,175327.70675852068,703641.3889490921,87368.36024609065,263858.58504056983,220384.35673882137,308638.81839355256,158225.14027764086
2025-11-02,131725.26795158806,443066.06683056196,178061.2927185379,707207.2165604421,89593.37213597217,267792.8584981211,223598.75557377576,309706.50973172445,160319.38406999985
2025-11-09,134479.5196991796,447798.25195778284,180199.37647743287,716713.4678591114,88701.12248069508,270137.50907427154,221691.60347603806,312466.10080407007,160356.4594527674
2025-11-16,136157.76782837763,455021.00447388913,180055.02735051996,730400.9308050596,90733.68787227634,269955.62395833834,225947.7337867429,316965.7276336443,164436.4178882135
2025-11-23,137915.94522426047,460909.5568519372,184480.213578888,731505.083775034,92953.2098641339,276757.32524901634,228934.38756044526,321146.40380661545,165411.99673640376
2025-11-30,139903.87452481824,467492.4263101964,187474.25924211036,751651.860243714,93389.94317217973,282153.02972900233,234368.20727944598,324493.8189287537,167296.78528943483
2025-12-07,141372.373982882,472803.4873261195,189614.3058825331,764915.9378129318,94860.9151754458,285448.0168598735,236077.1608078637,331095.08024057973,171818.55131653204
2025-12-14,144624.9811939776,484313.55484634533,194629.66039471375,772543.5402176442,96448.25407929586,291517.40100988216,242514.31091342453,339106.6586012279,173670.44341109748
2025-12-21,147306.33854474756,496582.97601499635,196601.110322491,778517.2440420598,98285.38711388056,298145.15453283646,247652.12756690028,344877.477789075,177759.61271730866
2025-12-28,149663.09535505576,504246.2278052939,200478.64752943415,798980.9963554726,100862.95977531956,302065.1709331044,251310.34247005824,350911.9790433765,180055.18119933366
2026-01-04,152884.8160630713,514002.2343893347,203834.63530481057,821218.8067026222,100897.92260888247,306385.5235871042,255364.32269094497,355271.9776326719,183553.09288700807
2026-01-11,156049.79552928053,517877.81876448746,207677.92222980765,830557.9004797091,104597.88844176126,313061.1474844664,258343.08730165678,363091.4700351584,187340.31304790443
2026-01-18,159862.82568740685,525686.6088210167,210167.97326177004,841059.7844654814,104920.14559810756,317113.70427264326,263021.7467281749,365902.57077888923,190399.63086562976
2026-01-25,161202.02886721387,536589.1843917174,213321.40979419238,857026.7430222338,107247.40417377613,322178.0455801074,270013.84947760415,376144.8903461761,191489.33600670143
2026-02-01,163770.82144726382,545398.174461461,219698.04993552066,875776.659595201,108837.15022599851,326628.1959548729,273603.6173452513,384181.7045151912,195284.0710189812
2026-02-08,165875.9113819674,555841.2981921508,220395.36641007106,887156.245306363,110915.44051408005,334208.61167583225,276504.13529876474,384594.3423461077,199954.56396886214
2026-02-15,166660.3721503887,556100.3402985896,223141.20839969433,895574.6745999238,111267.23819863345,334971.2581248129,279643.3640042309,391206.67788270756,201600.4177442242
2026-02-22,170029.69891281196,570655.8235299811,224579.38897892818,905463.8187228688,113597.47587930692,342397.72022581496,280883.7140242756,397358.30027467344,203588.1430107844
2026-03-01,171799.30385971622,572118.750927754,228366.54652199108,914455.000482547,115514.90894648372,344258.05859013146,284918.31981374515,402952.1140821891,204882.24082898078
2026-03-08,175036.08811531842,576228.3190949797,229595.11891453175,919983.194093763,114777.51735167322,344278.353799706,291037.0347438487,403322.4721603684,206854.62514799708
2026-03-15,174188.39242469726,578578.6162227932,234085.56602451383,936235.7062153877,116316.62851599393,349216.80023605336,288953.86911671876,405564.7759364452,207379.577001974
2026-03-22,175396.05082080167,579762.4927005073,234569.67084141128,932950.1331314292,116448.93578713603,347189.7408666255,292186.66696661216,405284.128566892,210112.7157300304
2026-03-29,175662.51699599664,587686.4292041566,233563.25075252308,941874.2384741051,117338.64415194691,352315.36367179774,294073.5563386199,410120.9686472655,210287.66716540777
2026-04-05,175004.99436195876,586454.9712185491,236761.10632557553,944119.9462886147,117263.90914882348,353090.8530048303,291567.18481528613,413963.8064806562,210187.8743663213
2026-04-12,176603.47140236993,582596.2787222596,235310.2378756365,941307.1331471715,116843.4927398003,350604.1746494893,293141.47857928247,410560.20398856676,210834.31406712925
2026-04-19,175849.44702498277,581047.2939047333,233389.1649504483,933129.5040849556,117100.93430941399,350756.3160448687,293314.8898393345,408960.5053708531,210670.1702683287
2026-04-26,175099.3475131897,580847.4500947994,230175.35902233628,932313.9793101859,117239.5564234983,351943.3832564403,290859.0800738964,407744.48233395943,211291.16640247783
2026-05-03,172737.82981269076,582238.7884925129,233517.43644430648,924809.1930612993,115517.79503999422,346081.1207511807,292618.62115922815,404626.95326859254,206743.14940693727
2026-05-10,173095.24427650298,572828.1834325939,228001.2922576376,913948.6514546843,115055.3113332747,342497.93570601696,284652.8318319038,400011.2381162469,207495.22119093154
2026-05-17,169345.01683155325,564230.1597126962,225549.8080912397,910078.2644796729,112950.96694016272,343015.30536098883,285317.4192101006,399032.35181928007,205351.4775592905
2026-05-24,168944.21765966987,561065.891804184,225694.67021776916,893972.2399783989,111857.83170447075,339952.0304644355,280624.12256045383,393571.2572905248,201503.70634174455
2026-05-31,168037.01528381428,553965.4362904868,224298.65049228168,892186.3098976159,111165.65218191138,332793.8906366854,278288.52280097385,388283.89484128315,199855.9206364756
2026-06-07,163354.9876242466,540250.7496196282,220181.45930930332,873330.2767739777,110140.65125966439,329712.9742893018,274048.1170531151,381188.18581115047,196505.59791730973
2026-06-14,161224.40689246886,538694.6967992753,216096.08270628026,862933.332968403,107943.89346750679,325310.47425263823,268498.7717363974,379462.44265678467,194146.07594998198
2026-06-21,159158.76293560374,529702.745047105,212706.7868907159,849581.2816823871,105899.48725926374,317054.32247476844,265426.2861768875,372359.2867651716,192259.0472062097
2026-06-28,156062.79226457962,523208.5125959228,209440.614232336,833313.1747994064,104293.24503948951,312152.83925728174,258411.62152769676,364059.9862133297,188273.5244155683
2026-07-05,152594.2278602264,517146.47501578345,205768.5625011548,822385.3108513734,101879.61308869917,309360.7626367841,257016.1017649243,360520.05283883744,184966.41805614135
2026-07-12,151125.4740929898,506396.5854468203,201713.26057314975,803828.6619702314,101018.29223776788,304675.6251418333,252162.7845189636,351635.3720438916,180901.58384630317
2026-07-19,147633.69866996945,494095.8664578264,198011.4363776373,795114.1302845706,99394.78416800442,297705.1742007896,248182.36930291064,344969.15561705513,176780.860747885
2026-07-26,146220.51500035753,483451.4208194162,194424.50110860865,772564.4582250456,97017.50195183753,290410.9198245092,244431.51570199413,339022.9344582987,174850.76342337095
2026-08-02,142726.99282328202,484488.6028379826,190468.1167430765,765393.8436459585,95376.01959209185,289813.7136654639,239487.12646519113,331539.27236299636,173185.82053812637
2026-08-09,142282.7281063584,470548.9704270205,187879.6946599269,760397.1949434079,94213.12398322286,281444.0982584726,235385.57394573998,330105.8462051208,167969.8816921836
2026-08-16,138422.9360584802,463402.74332222366,183654.21122278116,737387.3468494839,92455.22415046797,277518.0453837076,230582.62462539403,321153.0405276168,165862.87080191984
2026-08-23,136876.4996012503,456999.8397435735,182725.72135774465,728585.2640560581,91378.96418495679,274749.59822854353,227639.80027611295,317792.33001822885,164655.2958486961
2026-08-30,136081.44023677838,452066.2196477567,179639.81199118393,724569.2437919751,91364.06244375068,273273.8452785744,227268.9221481402,312467.4264061986,161679.37348213885
2026-09-06,133171.43222593976,446621.03384774085,177689.18463380449,715889.4229318395,89272.87412513714,269470.1248913588,225286.38669590783,312736.7324519014,160200.22545351458
2026-09-13,133178.97226509775,441927.1026966149,177524.3972366797,710780.5327391991,88493.0814667525,266639.05287883215,221382.99081151767,310089.81959419505,159228.81405341823
2026-09-20,133209.31068229617,439396.03136884683,177697.27377512373,707177.8344757071,87828.864841572,265152.8400283459,220439.09279504052,307962.50673228735,157445.68867613008
2026-09-27,130562.48414964745,439145.10540968785,176609.11204009343,705302.0676106116,88217.49370279553,263601.46515410196,218482.72632387173,305634.381043986,157245.00622908727
2026-10-04,131771.42337077783,437417.9313284276,173940.09669888165,706481.1885778442,87664.68656464336,264103.105225535,220854.19268471532,305092.1362108693,158592.6226973629
2026-10-11,132020.81213946277,437637.5523558953,174778.2385884649,704710.741527855,87559.24684335692,259857.45997101147,220541.6044359088,308406.4140300182,157014.44724852385
2026-10-18,132930.92770683352,441414.61074589816,177400.1852586556,704872.6256641954,88890.3590514702,264244.20991739637,223000.7893839139,307840.5087431781,157375.38774255532
2026-10-25,132254.07468561034,443301.8493523442,176593.2295648202,712993.162638245,89497.65998143608,266725.55833991297,220871.74235147348,311311.1317398157,159251.12278094218
2026-11-01,133335.45187628435,451512.63025844854,178876.42596479974,724003.7641987678,89250.31777452902,266925.06754676584,223403.81401972316,311877.6682501769,161849.71315557594
2026-11-08,136151.77583900426,445906.97436165606,181563.81165207998,723524.5032266914,89573.60980084741,272100.1243063005,226556.50684447627,317090.93901769636,162735.1539705527
2026-11-15,137687.60505257797,460944.9889553164,182318.14427534048,729247.8377021339,92147.00121002052,274623.026263827,229916.22283491233,323032.09184316033,164539.71688687964
2026-11-22,139602.86994294843,467831.8806652075,185992.04257973132,747974.9909714893,92601.01862391268,281463.2141578513,232088.74929504716,326327.45752946177,167337.92328399088
2026-11-29,141842.54120538273,466758.8745798462,187442.91456942842,754626.2356015721,94783.7828317547,285524.93968434224,234879.97371736617,329637.92093072773,168328.10936833828
2026-12-06,143426.7736716463,478932.58839089976,191314.35530648904,758972.2136177048,94972.8095663642,287174.87607198313,240996.41309920477,336302.61336139333,173169.38574379374
2026-12-13,146617.54563233277,487215.91569988395,195577.5890800919,784420.915292399,98075.20224212432,292660.45415157394,244973.67813561868,341279.9984499835,176077.1179596177
2026-12-20,149286.0689605271,493368.7694483824,197162.0257405391,792878.7651524674,98771.923772395,298021.6078626936,247298.43171688382,347835.0744028396,178511.13989997754
2026-12-27,151231.92991686257,503947.7698822973,202797.39937847023,809065.5654328227,101543.84437978818,302857.8977465253,254640.45930201912,353554.7987796323,183026.56423707562
2027-01-03,155908.00140358976,512252.4621204394,205991.92289471492,825374.1640968424,103012.91688073902,309309.87851650454,258977.19925354773,360232.64460357337,184395.6581352197
2027-01-10,157605.02225076378,528546.1679754922,210218.68670119043,839426.7857062095,104356.12866368832,313361.87201682845,262250.6165550263,367287.00767473306,189714.69516602418
2027-01-17,159057.5988120074,535509.4507659,213492.0160472772,855910.2149214064,106430.53280014287,318206.2298674125,266684.6247194857,371480.80062385346,192080.336020927
2027-01-24,163066.40088747576,545092.17334082,218129.4546713077,865319.311483056,108725.81634914529,326082.0381978512,271649.2150155622,377561.5119751018,194785.88548631012
2027-01-31,164349.53757496172,552072.6762522154,220232.62293949086,882482.0169400761,110106.6464449791,331105.39203159715,274057.1192082333,382757.9977952705,198078.77232132715
2027-02-07,168024.9494450093,555292.8238792984,222816.7757818113,891946.5385814105,111915.29715170452,333662.7983449149,279095.2660026258,387880.3428822575,200825.02490141307
2027-02-14,170471.28741952893,564029.8351185452,226258.75181673013,907501.0591783414,114056.44744910666,340547.71461669065,279980.08846136084,393608.55033758533,204621.06348910398
2027-02-21,170936.9627540455,573065.0180457673,229279.9306861154,917408.0005643683,113586.195522684,342157.58239187056,287016.36037822743,400568.1665367955,204893.95817664723
2027-02-28,173979.55347260408,574468.0850633396,231058.22190455347,920295.6925287327,116313.2872045982,346893.7906083986,286809.8357647324,402704.0050577878,207222.15833557304
2027-03-07,175001.1323995672,584087.651756647,232962.6539636903,936032.1775546458,116513.20910500482,350613.6094276483,293031.85262614425,408512.43428925565,210562.528648103
2027-03-14,176452.09844168936,585517.6975769164,233745.41274111794,935645.7639352425,116774.31019030078,351620.6877963314,292646.6054186978,410343.7068109352,210466.68254436675
2027-03-21,178095.37522445238,587972.2162726657,234900.80639906492,945487.0604595881,117116.69684543845,354027.6723431355,294190.05041835585,408791.6054305612,212817.81635455272
2027-03-28,177007.39990968382,592415.5365761287,234852.6493904483,946490.1679025973,118033.06713573547,353608.2375275406,294534.40094520437,414592.90293132194,214159.22158073104
2027-04-04,176819.0909403157,592391.9684906611,238262.10082796536,953402.8310462942,118717.08709835143,354474.0862520255,295280.6065135704,415315.81477814773,212499.65615205312
2027-04-11,176582.10864267492,589928.3994684326,235088.4627178008,944435.439883281,118102.38841640728,354189.69978346763,297188.5716229252,411842.3107371252,213312.31945179065
2027-04-18,176176.529710154,592192.9492546709,235024.94470070818,941474.1324095436,118614.50241437572,352456.9073279458,291537.5515524613,413241.5725224484,211107.7418554478
2027-04-25,175951.1374442572,583993.887435393,233960.21103618786,938636.7947834773,116613.72130585276,351752.76620796195,294944.47960980656,409188.7101126088,211890.01643984238
2027-05-02,175178.62455830973,584615.7076080182,234125.2718132074,931708.6706137147,116609.12924420845,347522.59370609885,291960.4636467059,408324.03117276984,210086.79428002477
2027-05-09,173753.55681620887,579969.5488672921,231099.76861065644,928778.640763562,115071.16242226768,346355.3468127096,287734.6208013641,402727.88479348866,208680.98091399783
2027-05-16,172519.6827388349,572223.7849085748,230446.80247541761,910330.9991772291,114781.34614268442,343371.2773640613,285154.6850121183,397960.41941286623,205698.13949763766
2027-05-23,170016.71643163855,567505.2159313724,226002.46272606295,902489.0837246418,113781.42037020206,339629.6603967172,285440.43297189375,396012.98828121426,202513.38294126568
2027-05-30,168987.21429573518,556529.0951852608,224141.7458127134,891179.7949156417,111720.99492840428,335431.88130692823,278646.5559631836,391543.2897323758,201929.40334371518
2027-06-06,165402.28741657652,554312.6676863672,219965.69300208025,887005.3905892543,109098.41309935643,331108.9137832198,274559.61193093,385705.88063301943,196863.8732125745
2027-06-13,165192.14723802355,543377.8125358303,219681.17627854852,876986.5620934282,108867.48764878581,327023.20300329174,273341.67711642483,378615.99403696693,195496.80899267932
2027-06-20,161056.16509602213,533982.907732697,212928.28769456834,856045.7475802414,107276.31233266568,322485.6047815955,268068.0487373547,374002.97734006675,193551.361182016
2027-06-27,157300.42101126496,529100.1536598495,210900.87294832995,841688.9220596516,105497.67349653231,314911.9305168819,262066.40832695813,369005.6072336964,189704.65497657837
2027-07-04,154456.94623339063,515772.85946343123,207647.26435684736,828334.1585561137,104124.63483386871,308715.42993078916,259037.64056414983,362195.04028013727,188065.64710863458
2027-07-11,152938.79634672817,505068.6535434103,203849.7218111792,818391.2040653435,101182.43451703932,303590.8174522269,253012.71253760927,356332.24155257206,184014.9286796785
2027-07-18,149765.7195396801,495886.14916177193,199725.80117935498,795934.9428161684,100295.65247184156,299135.82887555665,251264.88779581912,348671.7038661123,179331.47140491637
2027-07-25,147903.71122136057,492742.39438100246,196361.12710132194,786917.2671351606,98841.72765676667,294208.53972485824,246940.3984574106,345909.6650026002,176866.4350628161
2027-08-01,145274.37939079804,479863.7638599855,193269.7463684696,776804.5301050917,95723.673656242,288683.9082454396,242197.42636914054,336087.08272988745,173860.70777455144
2027-08-08,142568.54579151294,479797.5437083129,190017.22129971234,762661.2698851227,95241.93756362991,283302.15995563637,238157.35545323478,333640.62129724823,169723.84188419522
2027-08-15,139878.1709125915,463172.73048410006,188314.90071831865,750162.4128724899,93423.42088525803,280342.3511610743,236390.26215798888,329932.59721534647,167769.56041653547
2027-08-22,137484.80049330054,466310.9272934416,187038.43755067795,743315.842566615,92373.19593799247,277514.01175380085,231034.50109559356,324290.43962321215,165840.43827789606
2027-08-29,136639.30628311128,457108.18532521167,182074.76487787423,719716.0974795313,91489.96657321019,274840.92919307644,226812.97817182657,319252.03176268016,162536.4325440235
2027-09-05,136239.76973241824,451749.78600924276,179426.82453598842,725898.0113403936,90154.69947572697,270358.8066936888,226557.62678549974,315469.5783205829,162759.70888543723
2027-09-12,134671.8377956527,447008.5939081611,179260.07460172212,714777.1238677838,89336.32428545588,268403.0382418949,226793.00462451312,315672.77752695937,161189.35632487832
2027-09-19,132797.53970596078,446770.6529191961,180888.83439098066,705913.9686258795,89171.63873540718,266073.6401167186,221617.95695017563,309550.7627241131,158972.6080368133
2027-09-26,133400.87244336715,444142.5357405337,176890.9744306686,712823.4063926532,88303.70152988777,266494.81474239536,221666.48278993045,309267.91829195275,160288.9756775241
2027-10-03,133424.82618508567,446544.38187267137,179153.56767249608,715552.4376488599,88214.31286908341,264999.0333492918,222413.62113144185,309954.56292773056,160407.29125056867
2027-10-10,132665.897140036,444714.8698456112,179449.42110365888,710537.087099819,89225.54678626948,267517.2721542355,222147.2693007209,313266.4045824153,160198.8792916026
2027-10-17,133962.74455587007,446533.9234916911,177909.67939350655,717664.5687296699,88657.23680002795,265016.10171492066,221851.20506854655,312975.31172469707,160325.27951400503
2027-10-24,134728.33443101382,448039.89577672986,180148.55360209104,724767.3951235777,90122.94151190748,268829.91127567994,225876.78547392032,312570.1683376922,162153.9114071919
2027-10-31,134971.45678613507,452619.9176390573,182733.3093024725,729679.3085317122,90783.75198609897,272109.0300278037,229281.19175170158,316390.55870442843,163606.6197358386
2027-11-07,137531.55035846317,458313.53721623676,182638.48537661514,738630.310587896,90645.90319440601,274802.1714508877,229017.1807207832,319205.7574536361,164992.51501859011
2027-11-14,139388.3451158397,458950.4347552369,185086.76193464905,744129.8791432931,92306.38882120787,281975.06393809785,230482.84250626923,323015.96827940625,166019.15703988497
2027-11-21,141730.17891098087,466355.8380400672,187308.83972418393,751863.8171081367,94542.31502058997,282360.4809940507,232926.95014134888,330521.4678442064,169350.40926327935
2027-11-28,143875.94676069656,478810.14430729137,189766.03689820098,756715.3112679868,94899.81404887709,284665.10854807775,238798.46201264378,331465.8383743531,172778.64685174738
2027-12-05,144406.43036027276,485226.1048827885,193270.29896992148,774694.0561074301,96727.58612633904,290736.16840184754,243779.31732287965,342174.6253987632,173990.65271073816
2027-12-12,147242.87675293608,492694.19343535963,196037.7204437343,785673.6564607214,98861.86080187422,293228.12156554515,247171.0355712399,346657.30820119206,179423.6400446661
2027-12-19,150955.43122936992,501943.26742920815,200792.9565068771,811719.2630244627,100771.13177395023,301017.4099339817,250945.58649712376,353237.03574113775,180209.91789416925
2027-12-26,153655.9231169769,511770.8997760467,203590.80497399837,816739.5695704988,102054.61965950626,305291.58322208433,254714.3831915846,356821.21771280555,183953.8666965574
2028-01-02,156397.84645837123,518689.13644469884,208249.20016997965,832554.4762598936,103708.95203174863,313396.2068006236,258654.0632818385,363764.57869344216,186608.63579596428
2028-01-09,161642.08635148147,527229.3639647957,210114.15466511695,848886.1427494442,106546.21008650954,316680.76505508757,265631.00204705686,367914.5723693928,190703.98903251675
2028-01-16,161882.13449133968,538669.5018321435,215602.8357099742,861262.2316965287,108505.42757077866,322732.7843429468,270232.1588739316,375807.7628737126,192176.760406612
2028-01-23,164928.55008454624,544476.9875706651,219602.69676748998,881856.8753852473,109874.01292833143,327200.41494671494,271529.2975239879,383709.93964366737,196400.81340635792
2028-01-30,167298.9403236625,556298.7618927616,220117.51635881868,885954.4105586228,111098.28507197759,335775.1550298652,279626.3637244635,390962.80136055016,198917.21772093742
2028-02-06,169426.06960409216,558868.6282081148,225624.09145733132,901778.569370884,112220.88458292141,337393.18818204873,282280.1326354722,392250.03662369226,202846.83591183845
2028-02-13,170868.77897520355,572923.6587889267,229367.9768707183,909591.3491701878,113654.93173584422,344959.2973825864,286924.87815423857,398605.9033972045,206221.27972837852
2028-02-20,173624.5915815896,578032.7092600982,229530.84520293502,917681.8548416221,115631.50016344599,347331.9569756167,286747.9480914264,403531.077252439,208247.8431678667
2028-02-27,174180.29263817807,583173.112832722,234685.7877856127,929605.7852314787,116715.80680983183,350242.92318916554,289559.23905419937,405330.49584401934,207577.40043412446
2028-03-05,176016.8229227202,589771.5170524478,235344.93484639967,939555.5161599409,118163.75721499002,352941.9734765267,293471.1831590829,412155.213887886,213271.18694096536
2028-03-12,176974.42083423206,595291.8310948361,235746.24613771343,944087.8230758184,118550.85404300399,355267.58293753216,296192.5530254588,412522.7184080262,213071.88414068345
2028-03-19,178237.07626541203,596454.827365453,237511.7918035054,947500.5596051569,118032.24028970163,353459.8324527262,299204.9021301126,415401.2984274756,213111.95556660308
2028-03-26,180430.32509510152,591045.5849886589,238817.43513931692,947411.1630524934,119655.52792225905,356970.3372489666,298706.48392576294,416162.52799604577,214574.6125312075
2028-04-02,177486.83434255043,593092.0017064747,238592.38304073803,953733.0883067877,118759.1585110056,359042.30343076494,297842.12046564196,416022.31850131036,214823.31072464547
2028-04-09,179266.82978108537,594278.4023501091,238874.93551018566,947325.8365748333,118976.10412289348,357430.9235013978,296637.2628875918,417075.98543145286,213902.39772070898
2028-04-16,177081.74069389625,594369.4862831553,236801.02986997194,953927.0377069637,118985.95183465151,354474.7704243716,298689.63004471303,415635.66429784574,214127.65811735403
2028-04-23,177157.90500038615,593000.3272169335,236851.83269034038,947059.6464769552,119339.06967804412,354945.10112359026,294647.208050692,413543.57447204477,212467.49962081556
2028-04-30,177242.36369833318,586271.1429691418,233820.4865039052,935106.5980053811,119172.05977840778,355407.45977559855,296078.33694447816,410385.0439134773,211346.85510730816
2028-05-07,175097.13890444333,583963.3465449318,233287.34579214695,932357.4511057831,117002.64745631591,351968.19535354554,291392.7340048614,409006.66891748755,209441.06344596646
2028-05-14,172593.87689202133,576118.8275873443,230299.0063258263,921803.030246802,115509.85867428535,346711.3649368876,290991.8700498862,407498.92966262094,206793.21840979627
2028-05-21,170973.3774041955,570170.722779655,227944.2769722642,915995.9257010926,114607.15628166725,344446.88428786804,286698.4227561415,400434.46475846285,205943.0790465624
2028-05-28,169909.65222297868,561149.8602954716,227102.69839024733,908828.2226442401,113377.13032045537,338250.14729200327,282162.01215699303,397009.76600240904,203806.7141863979
2028-06-04,166555.89524112752,554704.1509344408,223896.2037404815,883718.8846009659,111242.11299716501,331651.5330495907,277856.87156007637,387475.67546578404,200987.7994943672
2028-06-11,164817.25447867825,545470.4902742651,220149.01883622954,878619.6271778791,110667.54603561734,327923.1220907892,273998.71604747034,384470.8737705782,198323.82537116183
2028-06-18,162123.98363853665,537859.6660629192,215027.42691347245,863838.4275303136,108174.90521866822,326523.9426699799,270685.07046315033,376289.14987855445,194799.6718993439
2028-06-25,158957.47909128317,534121.3689981446,212278.49735295522,853064.983516402,106546.3244458707,318481.36908123107,265840.07787358464,369456.4665314567,190855.9622739898
2028-07-02,158370.96384734084,520169.85537907627,210230.43874044163,836922.1506748006,104841.63264625845,313160.93559163116,260529.41204049217,364486.446857756,188871.3044144043
2028-07-09,154555.2714754446,520180.3958577804,205581.49319191472,818751.2277861439,102930.68144444464,307709.9071229999,256592.68108494644,361605.4323222046,183674.03286458956
2028-07-16,149917.3498620917,506020.6507591519,204234.27194276158,806383.553868453,101376.94145162475,305728.61848852935,252491.89929062378,355013.6769050367,180912.8439182407
2028-07-23,149010.941760279,496699.0937232436,198888.11920499694,790795.1020351963,98938.77408952781,300181.14042144694,245457.5840889847,347791.1606533997,177777.54116476138
2028-07-30,145926.001497202,485928.57670214126,195421.83757752774,785223.1823985452,97335.74335354584,296172.8530417288,244609.94571978302,338969.9038270086,176678.86006815932
2028-08-06,144765.38265051326,482170.96686324273,191858.96040168562,768757.5540582403,95533.96131645821,288013.5474832321,238985.4445514641,335950.64337537537,173799.77884202538
2028-08-13,141421.76582072876,471948.09334958316,189488.4160708533,765024.2634072962,94897.18819834563,284475.7494822272,235251.9284535816,331899.00655620237,170857.96236280442
2028-08-20,140037.7737541252,467384.4448206979,186679.29827725329,747084.4291992768,93805.35230857297,277972.68834631954,231430.52970815386,327262.78260062175,169113.32818096108
2028-08-27,138855.82312980728,467990.486914245,185344.2189041178,735710.813842075,92546.94154679053,279169.56698032125,228552.77216195167,319886.55412690976,165381.1447005155
2028-09-03,137749.6772057136,456761.0529509751,183757.18339690927,725147.0667500074,92237.48675673112,272449.0522932701,226806.291971253,318342.785656166,164834.1685799781
2028-09-10,135113.93535567363,456253.70885226567,180566.2207541126,718196.2821534586,90673.30709789577,272353.4786675749,225803.98657123762,317254.23178832576,163104.33220761365
2028-09-17,134983.85803652444,449024.50548186916,178981.74566431576,714915.3706994721,90490.86013673303,268823.51413536107,227832.79719425016,316486.2216729338,163043.8746495826
2028-09-24,134417.66793901846,449158.78518172144,177862.29719008223,719862.5168567881,89303.40084352311,268664.4536046703,223965.77860911292,310629.1557986498,161624.95049757
2028-10-01,134148.73139926913,453222.76266808686,180026.29575851175,720108.1178193166,89565.60236456241,268021.56300082424,224620.06817233408,313873.31579820893,161220.02538887024
2028-10-08,136155.77107080808,447871.51699085475,178672.2072479558,712777.5326083902,90235.55580584773,268751.5478901808,225220.069050795,314857.5895920151,162284.83413542158
2028-10-15,135654.07718304204,455698.9243943968,178314.2306068093,725448.6380553516,90658.11165525246,269891.99774491915,225747.73298247202,317304.28307948646,163208.9613302577
2028-10-22,135241.90509983842,455727.94005727104,181972.0026919839,724401.452143078,90644.72856989437,271552.7329387918,226882.47578340868,318983.4929254581,162823.57100334554
2028-10-29,138019.97114320946,456365.7486699924,185601.765761324,733022.237023507,91518.58349601657,275913.1502335072,227391.84060036496,321459.840734725,164742.92151528492
2028-11-05,140357.71715937185,464134.6860530134,185015.39577060996,746534.7492416211,91751.79646773452,275874.905833631,233090.49278803632,322387.67080703384,165566.72344365736
2028-11-12,141244.99583988733,470666.8757723132,188132.6866337502,752764.1407006565,93468.58332924599,281272.1059294687,236376.74062867055,324425.8390138068,166316.52135762505
2028-11-19,141281.2531775443,476290.4604122424,189976.20356122736,758503.3742190958,95392.37868309979,286668.500032478,235264.64438569633,331627.3125298322,171085.35045068414
2028-11-26,144225.3098404311,478036.05618387647,192685.7575402499,767573.819872103,96679.92610477381,288407.17624339147,239700.77325319333,339125.9882826368,174054.19729472612
2028-12-03,147892.75592154096,487990.7322592745,196842.5065625224,775086.4587128214,98212.04790045792,292808.2667831806,244554.52467144708,345304.54806235345,176566.94719975928
2028-12-10,148918.3836070687,497544.9890987306,198975.23973085507,794185.4438232053,99657.64398111234,298552.48447479523,247876.22060016697,349958.11091034766,177584.3573015604
2028-12-17,152404.90952348348,506720.73293516255,203030.11891723698,810206.3854573495,101384.89488089662,305913.67771728867,254085.86519577616,355586.1179954419,182170.6894557797
2028-12-24,155354.44936727517,517463.2596678872,206686.32957580022,821509.808969812,102852.15531506538,309838.10910083633,257045.44945899697,361802.4749814828,183731.6556085978
2028-12-31,156819.25301336843,525492.4220591731,209351.17736909294,839552.0434225748,105359.04812146927,314232.0802921926,265230.40486317826,366560.5108829567,190250.07203735117
2029-01-07,160210.7838898544,530846.398792894,214665.9462254042,855003.0230353057,107047.43841012852,321236.6707905836,268580.56558776414,373701.72626904957,191329.06436437462
2029-01-14,160525.9062766784,544140.0172332821,217100.8492856115,868203.8122419954,108883.91394514985,324260.27533870575,271860.47884117387,383153.53749423317,196678.09138659012
2029-01-21,164811.47529682048,553459.0177892802,220017.27621093538,880492.0751584191,110123.49326388033,332181.5713213068,277250.00954218494,384703.3108881136,199547.00191270115
2029-01-28,167896.9030609081,561687.2400346709,224651.61540950774,897135.0409516162,110980.88132303304,336785.5693104586,281526.2574878683,395027.2976241326,200893.0636920611
2029-02-04,169504.57895254958,570836.6729439639,226355.42047023991,910783.3164064015,114175.52058189233,340419.1199713381,283362.42620496586,397130.7555206931,203508.99315068687
2029-02-11,173832.4295600429,577445.208993353,230172.34260016136,916215.0494613975,114832.66199339191,343958.3634665175,286659.9302478129,405071.7887158028,207445.07849326072
2029-02-18,173485.64880615965,583008.7996635048,232735.22078952927,936621.088663679,115940.78201106518,347786.4882958351,291028.10356142896,404840.66835918295,208710.0141740914
2029-02-25,175932.7683574689,587367.258129659,236102.9645291538,939673.9233241519,117855.27393761811,353327.82944950217,294848.3813597752,412305.2030378521,211607.59824493242
2029-03-04,177795.3824841502,588172.0211701621,237404.46763446074,947794.4760981025,118268.87838083084,357238.12485610484,296336.03725029284,413337.7487148581,212802.2476296965
2029-03-11,179922.2886353139,597211.8244428792,238430.08459927392,956653.3039251025,119757.52397103285,356726.7057164854,296097.6438447851,414819.72764066607,213006.55782919808
2029-03-18,178601.66422089812,599447.7553321833,240389.18074491055,959218.5223078951,120094.2101976435,360044.7017238926,298460.73750219925,419632.40985421214,213606.8517839272
2029-03-25,181069.594157623,601336.3515713443,241653.16934035972,964864.3937010226,120473.26555727144,357263.90215911047,300236.23615968495,422226.7587648921,216440.68143585327
2029-04-01,180397.84820616932,598108.7065951313,241078.0415202247,963229.4215162987,119577.13775133615,359903.42022482347,300555.70701193373,419431.7571067388,215962.80612078798
2029-04-08,179518.89332342893,598147.4413546956,240350.3857021299,958910.3828305843,120775.98853383645,360463.4612241234,302890.71907384536,417971.7799631992,215808.24893883514
2029-04-15,180140.7453763963,601946.7747023286,238413.72079524834,960348.2422112183,119993.40377941617,358223.810415925,297924.4613564994,419358.99646071123,216379.27878002307
2029-04-22,179164.03884481874,596616.925692487,237621.2117677761,950170.3968941233,119158.52414580264,356624.72858409287,298989.8933408592,417548.05767863005,215873.79093673555
2029-04-29,177478.37826614894,594798.8881568251,236932.8298610027,949386.4570845356,118690.72151634982,354855.41251333273,298408.95959210716,416126.15483759576,213268.95885959602
2029-05-06,176604.17062727464,588576.8594854333,234792.91321588357,941476.7817095935,116813.09509257226,353541.92721955385,297092.34395433206,413616.0349814628,211555.64404001966
2029-05-13,174616.09045123233,583091.3091783349,233019.7962288528,931994.6026982628,116807.71017165945,349529.1577701477,291002.9626358178,408007.86661349,210336.2195084569
2029-05-20,173097.88336848936,579054.8607134431,230740.31040429833,922220.4918718493,114827.14448560958,342668.1438691144,288968.8624151518,406943.53663984215,206394.05241873153
2029-05-27,171399.44209057884,568386.0351284168,228400.15153394084,903954.4389363459,113258.89424687027,338624.6379404235,285550.2739209784,399165.71366720897,205284.2506508986
2029-06-03,169796.0730004349,562262.1699034388,224738.24840637544,897040.0891067743,111643.19399910832,336302.823009866,281255.28614498477,392809.0611872483,202824.569840631
2029-06-10,165229.43908578204,552703.6474779113,222030.23592369576,886546.3167240428,111328.21132742974,333002.13129888463,276806.11134828784,384881.2921113418,200001.56803945848
2029-06-17,165192.4699630114,544222.7425381499,218188.06765750237,873133.7985387585,108747.16492449972,323064.13259995054,273199.46079024044,381256.63401415816,194568.15648617083
2029-06-24,159485.00367575604,535723.9681093215,212623.29280084337,854284.3369050851,108066.24353855687,321148.54378656845,265083.14160247194,374959.1517381257,192453.66368764947
2029-07-01,158152.0571324805,528108.3209416083,210081.8592111908,849147.609783497,105242.69657097863,315742.4201227382,264629.08011884027,370967.6239522593,189128.6382169675
2029-07-08,156023.96028698003,517412.2030528966,207299.5422871005,826309.8199784305,102868.1359426146,313247.9514315459,259462.2596831051,363835.6985670557,186789.1651175082
2029-07-15,153149.8408762966,512936.38023225154,202709.10122448596,819553.0126714152,101401.1357636892,305300.6612334213,254620.40133818606,354793.99697996536,183959.58649238557
2029-07-22,149906.9665577469,499010.1190698256,201098.583660146,803703.3971680859,100867.23327507837,301322.46587233606,253181.89640733667,351174.0913039815,181795.8288038362
2029-07-29,147769.13983142065,492616.92595355865,198764.39285792853,786349.658862964,98538.87192382407,296062.34874850843,245698.38500849283,346334.0530952993,177064.80889069507
2029-08-05,145259.19712183243,484330.49843040307,195390.69228213272,783788.9652921796,96811.8215669724,288062.0459259423,242211.06805171297,342474.9331321907,174306.9221389136
2029-08-12,143077.02298025554,482014.26653743,191145.28585968804,760660.3675954471,95759.37347823552,288190.403920875,241687.85254102873,336430.9072215565,173257.5606745473
2029-08-19,142263.9178314016,472580.44113673165,190326.34781503104,759019.1034071643,94668.70220717431,283576.5272754561,235004.45046666404,331793.819581862,170218.97875504027
2029-08-26,140247.73445845614,469179.52082861273,186788.63124917855,750562.1844400777,93878.68130393946,280722.3486474766,232612.3106362999,326725.0871265353,169116.853772848
2029-09-02,138083.56878705093,458296.93567906227,184467.2486735439,736534.8577423411,93126.41693727742,283095.8585266473,230821.6365265388,324087.1316376494,166583.75638290457
2029-09-09,138191.74774095078,459057.7851125927,182742.6611156269,738994.1163169286,91498.14756668937,271907.9262595038,230245.9978266217,323059.74518977944,163979.05244440906
2029-09-16,136968.098777473,458016.1574451105,182014.36249593264,728267.1426712873,90495.39224816936,276062.29324827273,228155.7933622176,316722.0958736469,162885.33344487863
2029-09-23,136886.4136849288,454461.6002925205,181314.17930919156,727964.1990280505,90644.44548330475,272122.3629124986,225512.16347572563,317367.60440090275,162135.75949080646
2029-09-30,136613.84012855255,456469.09592802945,181692.57421852194,727129.9193396707,90891.21925136466,272714.2303508242,226237.48679127404,316311.78118293284,163965.78884781443
2029-10-07,135712.82430581612,453155.3474214413,181940.00139972675,726580.4747088253,90407.83424623313,272600.8727600635,226465.09123183083,318777.51594045525,164671.22181758747
2029-10-14,136433.095293084,459700.8055112365,182474.02078446242,733127.1321498752,90756.91192470698,273070.1076463664,227992.19214885746,321477.09464492963,165888.3032151258
2029-10-21,138250.9284428426,464715.4394390485,184024.21582174653,737523.0654902096,91965.53276677504,274526.16708564217,230016.4016382875,320233.03088923846,165987.3446858911
2029-10-28,139292.24255540382,461874.4531199966,186303.26608322468,733456.3513408005,92531.98372843393,278163.19281601696,231913.53195540785,319764.05202169553,167647.91254737595
2029-11-04,140253.3139895496,466449.5443132405,187974.8743821383,753318.6419583006,93529.0586210543,278262.21982503793,231561.63561581072,326572.9241279269,167800.77352263898
2029-11-11,142061.53260536588,476878.58475240855,187813.15145539583,750542.2297432402,94269.77704457282,285072.9428870512,237952.4880142582,332870.1655227605,169327.4702463917
2029-11-18,144881.91949726155,483694.49978239427,189344.30663232502,771723.0958862746,95833.9135265106,287223.0500435126,240188.49576652952,336762.75092280953,173473.47638968006
2029-11-25,145647.6970268643,485664.10182708735,195722.8206692275,783660.8235792633,96932.13380685997,290487.6471284218,245216.29100697764,341629.20226014795,175685.56335920488
2029-12-02,148855.78576893898,493767.74206746527,196560.40494566655,787345.2688554671,99408.74102760338,296215.9061791292,247964.35246421577,345882.758098863,178231.25521658055
2029-12-09,150800.38139036787,502468.95807682635,201044.60243769834,803434.2142065457,101152.30858715739,303789.77558468044,252963.3634966585,349983.08993089973,181491.06538820162
2029-12-16,153411.67422336378,508555.324141695,203596.46714165292,814643.5019969053,101460.19615273709,306346.86762104405,256541.406848953,359243.2803563393,184580.78908515343
2029-12-23,157100.44663960394,518624.58346916793,206566.50489657136,832614.2572154506,103719.48723697949,313090.4084285415,262143.38886294267,363184.8561672043,188687.07197460448
2029-12-30,159636.40330220343,527547.4515513278,212564.58411548796,846860.3484123898,105263.29606609655,316938.2476673516,265681.7150291262,374862.6317111614,191986.29627489016
2030-01-06,162368.45030731172,537274.8996882772,216436.91260071762,865829.6718907373,107513.86675300404,324653.5189355079,269474.8027424651,378434.4631353466,194599.7800134798
2030-01-13,165438.8560605062,548112.444298668,218703.15220612718,882359.8854118941,109598.11231853177,329947.7555184662,276940.121659126,382723.27503252495,198112.91893147517
2030-01-20,167098.40908245623,557527.7241687803,220185.83264283065,896690.234983062,110663.61485763852,336938.225652408,279582.3900715693,388789.6069532771,200961.84373866027
2030-01-27,170100.68407633467,569173.6490582468,225572.71468223212,902227.1644156253,112598.54965867965,338915.0927774781,283365.8794393613,395545.52611677436,203092.01045860501
2030-02-03,171710.60644498855,570648.4699395983,229649.5460219807,916194.0805713345,114126.89232224833,344889.5952320041,284976.79700004973,400781.9201654737,207012.87602234219
2030-02-10,174354.1360198709,582830.84351454,230669.10343856533,921858.307260474,116177.6411683692,348369.12382031756,288574.63423734484,408213.48537002143,207678.16794463215
2030-02-17,175963.53772226477,586335.511266238,234931.55327049986,935769.2931368981,117408.76884387848,354066.0976988756,293801.13604107825,411135.56666081335,212221.87641271492
2030-02-24,177838.4388696466,592428.6470455425,237005.61267869646,951943.0966438677,118149.59248726611,354453.135210391,296458.0546570471,413506.2588806816,212243.75962929305
2030-03-03,179646.5849936737,599021.1061457365,239512.91446572912,962196.823158705,119555.2219191337,359517.94241850794,297899.3755013996,421442.1113897466,215297.48362763048
2030-03-10,179730.5583294996,598340.60775251,240578.5454909804,956898.4650027454,119956.1425189895,360396.40173967433,300749.9347777229,420889.47854465136,215652.43004772608
2030-03-17,182750.7414644572,604894.1943911038,240602.1990693759,963931.2150044183,120651.8064499657,362266.61974972347,303954.8686728763,424102.1884508962,217915.7912939987
2030-03-24,180945.5984807924,606083.1689102566,243463.3868575541,968961.6383957227,121970.13372309407,363537.8517605069,303702.77228804986,422902.53048477846,218009.60111696552
2030-03-31,180982.42212422422,607541.3401060704,242365.5552053931,971216.9837489586,121932.27291510519,364164.4877622701,301728.8453358341,425052.600710788,216836.39593823103
2030-04-07,182626.49814025036,606582.6382268539,242316.5821073238,966137.1325076483,120522.15270495307,363341.4864055677,302790.4722746135,424646.2441164596,218488.12765006698
2030-04-14,181890.80496458148,610461.7768301415,240796.1426330725,968613.8865464391,121279.57150501243,362916.18566297437,301155.5551391164,419719.5822750867,217036.3408337817
2030-04-21,180985.72410933813,600131.0975278685,240246.89674420722,960865.3585933112,120750.78777494516,363402.4455794413,300378.09884873766,424734.5446852539,217414.19314459088
2030-04-28,179902.69022937666,596777.277937257,238357.1054158777,956909.8234361054,119046.822420576,360341.03672327974,298535.3655803437,420931.96703394747,215318.9104367751
2030-05-05,178045.52415730746,591957.8461404134,237233.33292266677,951810.2529223756,119112.52831317253,357413.1503626306,296160.7917499827,414765.89641627733,214021.5299711804
2030-05-12,175735.0250436747,586637.8599430629,236922.3295765278,940868.1734647856,118374.276507399,352132.6223555423,292444.357155515,409689.6148728768,210827.74692723318
2030-05-19,174572.48895160653,580125.3172916045,231315.61290101692,929004.5126136868,115782.48461885194,347697.40982357995,290699.8242030376,407811.3824010657,208888.36363126885
2030-05-26,171897.8629744644,577658.3221880973,228260.75094625456,919058.8101608219,114478.40476155852,346244.41935355356,286642.13088410505,402431.767576205,206474.1063372272
2030-06-02,170840.79036179947,570582.7624924285,228283.77107647512,906896.9511591047,113915.13110791252,341532.971312267,279853.9400737241,397544.47197070334,204902.3729063017
2030-06-09,167550.397847186,557442.1038766683,223338.2641672649,892710.3072581385,111909.5415776212,337530.3877802516,282000.69983614807,391543.539171069,202702.46843900005
2030-06-16,164476.46220783523,548237.7280853381,219458.37406857955,879474.6029782895,110339.46154123949,329285.19927190535,276520.2705768202,386108.95364395436,197390.04754994693
2030-06-23,162210.92031756876,542685.0712203276,217642.51761914074,872805.0404089976,108471.60107407258,324559.59641457646,270282.89025852457,381587.35760448885,195911.51496876212
2030-06-30,160078.4847178743,531182.0628131895,212419.4326298199,854343.870469992,106707.87204524246,317078.346010547,266304.8340241217,373788.01490569947,189769.83367664795
2030-07-07,156662.819140924,525201.0380628121,211273.49312091625,836608.0123573607,104060.50563952912,313582.5184519627,260344.7863250647,364696.1988398039,187427.96460564932
2030-07-14,153825.3218522309,515313.93138181407,206600.57540321356,826478.41574554,103484.98361924787,310378.8300636806,259522.9655121065,362749.1216730268,184467.4839681188
2030-07-21,152059.64677964183,502466.9109492499,202014.59708655148,808674.7560197647,101836.04924356248,303054.0196732035,255499.7464868379,357250.46535182465,181034.99982473082
2030-07-28,149611.84662093056,501962.5019786553,201394.80380339752,801642.4809108747,99504.052423032,299816.9630779993,249242.73664797322,354181.7165681272,177888.51648031003
2030-08-04,146751.6306147085,494929.1541701949,195570.06907197912,786181.7047487221,98066.1535225843,293977.92133347696,246499.14329895974,341341.5074330501,176929.9046164082
2030-08-11,144668.65799216036,481874.4840117027,194104.67766717478,773021.120604645,95915.73739630487,290529.95898508054,241922.33634262424,338809.5625395526,173833.66313769383
2030-08-18,143303.64388506432,476129.4342069805,191138.7678231347,765148.7686741538,95676.864999373,284537.6757793687,236878.4372548153,330325.40894419356,172096.99257629996
2030-08-25,140396.79976126977,472324.2068681215,189945.55864592252,748291.7648178209,94607.93739911892,283093.5402092364,235289.99248445008,331094.69139758,170400.86103838068
2030-09-01,139050.5433261244,467856.6124979903,188369.69940593597,742725.6829611973,93372.99859610491,275725.57835746254,233675.14521997632,325954.9788443241,168366.4246821435
2030-09-08,138481.104841847,465046.15404096973,185391.92149278085,736663.9693492642,93242.1353517928,277759.53177832963,231131.71203121453,327745.885492445,167415.91246787892
2030-09-15,138080.4289464421,465827.22571433574,183567.26787662177,737854.5153669267,91993.30425799401,274035.31875487923,230127.54058691615,321205.62385966134,165826.0381146531
2030-09-22,138012.83794340846,458823.1561619649,184166.1818352191,741754.8987670603,92135.40780908678,277368.30631324014,229518.5126684636,318529.79664504726,164267.2946735768
2030-09-29,138751.02583323242,456819.285790388,182848.29619094153,743029.2468275451,91253.17361100076,276455.12837018725,229306.41632853524,320345.80868498445,166125.443167363
2030-10-06,138480.70545481954,456009.9043880238,185796.66823075066,737685.3283386593,91879.86441617491,276374.9279477852,229794.4243421519,318163.6381210121,164874.7519653986
2030-10-13,138236.16734916958,459359.7457222857,184611.36365993894,739902.6912152027,92150.23703547669,278993.75183402334,229267.7790780745,324145.3736208861,165185.30882708437
2030-10-20,139179.0862564835,463895.010609184,185225.80966523528,735160.2939295786,92908.21956929416,276963.3220435838,231092.64383427432,321170.58429800934,166871.8920066687
2030-10-27,139585.4580062608,472277.5780912583,187301.15367885042,746295.198293006,93373.47322207608,283295.75485635165,232289.86138410697,327503.6291697952,167583.2962083201
2030-11-03,141757.99550643892,471278.9062805203,187682.04752171462,752965.5602373442,94448.85060778633,284942.048063257,237508.7367011631,327164.8834849292,169750.56908632937
2030-11-10,143259.9332621046,478814.2273500795,190330.28894988226,762724.2215605672,96063.97507991722,286598.02155176096,236495.32005819073,334217.8090717485,172481.36121896075
2030-11-17,145668.5999190842,484714.14608925354,195102.4952397186,774935.7500527576,96732.65854726799,292556.5522184357,243819.58959386387,342204.5541032628,174825.38076391828
2030-11-24,146973.8425342372,494951.8689899584,196135.4600435639,785281.0549793526,97592.8886108983,293529.0912151854,247723.37964974766,345017.75387444935,176305.07183049867
2030-12-01,150337.86279215274,506145.174086257,198884.2262259472,791807.3495930134,100840.36055641728,298659.9345706522,249536.1957770582,348368.37630641233,179499.08865211238
2030-12-08,153604.47023785545,506855.88157804427,203809.87415666532,816084.5266410222,102327.33774141426,303996.9475213475,250837.6053953884,355673.5313515982,183912.79896801748
2030-12-15,154996.25518785193,515702.4857243531,207956.13788692246,822790.7628260787,102739.08551857692,309362.1840362931,258011.4039628652,361879.78855753184,186540.15046499405
2030-12-22,158080.5379655983,528541.2494394197,211091.29220936386,842446.3430512398,105531.02335197199,313973.6718839078,262885.1934217625,368978.69617794885,191202.66354424262
2030-12-29,161037.83920765616,536772.1661036419,215023.0226376362,864404.2304863214,106762.00009063951,322875.08702838863,266270.4709148769,372155.20402996166,193686.3928130147
2031-01-05,162960.29289980725,548820.7958267455,216924.81591639275,867048.9056535031,108972.54911014663,326134.1349068885,271457.9907639424,381979.81198791665,196943.3136661699
2031-01-12,166130.70648990865,554668.6108918176,219861.7055046593,875012.9145946192,110788.87015020731,332454.031709637,278517.1392128306,382513.46794464707,197906.0828588508
2031-01-19,168594.99067522842,561053.5910218393,226282.06215147823,897978.8971105706,112273.16034960322,336315.5656996636,281807.0695772806,392263.9769075281,202990.12996604058
2031-01-26,171165.36659518536,571783.6688143099,227800.13285618954,916895.089320121,113669.52351472263,339453.3140917247,283997.81072581693,398360.4429920152,205262.73530400125
2031-02-02,172866.4393479524,580925.7479042707,231010.76256467032,932879.7721413838,115285.52726440456,347297.47940927517,287079.9955144124,405816.11421259405,207639.5523998284
2031-02-09,175632.2840596092,587430.8768827099,235480.0627137357,931689.2759097369,116617.8383282027,348359.4203947003,292281.06406784605,409805.3739929861,210887.89552117724
2031-02-16,177937.53390488503,593148.3023659381,237308.27692466858,948994.9845540178,117960.11235351874,355025.1193037737,295673.23766989686,411856.3467574704,213927.53260489146
2031-02-23,180356.93977515868,600228.6269550142,239480.6638644981,954237.8625425459,119478.79890118359,356484.6915803756,299401.2190997248,416569.6201915492,215573.04691507868
2031-03-02,181422.56051757032,605266.9303028022,243102.47887557631,963326.1127054844,120110.85827078224,364387.12879485905,300502.6997726344,421988.2739453896,216053.10245639985
2031-03-09,183462.00085846882,609612.4441953776,241819.3004567334,980428.6481365224,121572.4353764131,365061.2721139324,303717.8978280942,424171.56485418574,218884.74984063554
2031-03-16,182108.83050893745,610569.5786559858,244506.9617028859,968304.6049856379,122533.18386507028,365527.3130491142,306892.8445185811,425249.9955640456,218647.38062945582
2031-03-23,183857.2421678681,610258.8771002998,244327.6820453339,978097.6343277255,121845.30783953339,368301.5633971372,306357.7124286013,426632.21147911844,220038.616835461
2031-03-30,183533.4602615292,611686.6300735015,244796.5306218305,979982.5260589307,122383.6714217513,365522.4335482522,305599.8122945456,429142.18609522143,219802.1294479411
2031-04-06,184903.15735844895,613885.6229447232,245876.20863779346,981734.1061452811,122423.71266084193,367336.82938507653,305205.73717540957,426702.58336739545,219715.98656368078
2031-04-13,182193.72440350335,607290.8212142643,244241.09991298258,975324.9892406554,122102.63321380611,365899.61188561755,304220.7387781413,426379.0525971618,220049.55641856013
2031-04-20,181390.73303832384,607656.764672047,243232.32863899556,972008.3323978,121384.993913931,364437.07896191935,304843.34184049757,428511.9460090463,217488.454956117
2031-04-27,180484.77678675586,602131.0572053113,242318.26903176162,963416.4525081201,120994.22205640578,363777.1727918379,300773.06031062565,419688.6383507438,218871.86109185586
2031-05-04,177964.6776171206,598597.1934251803,239045.17981759438,958717.0379535295,119946.19074990896,360213.93697487557,299319.19407017156,415727.00717723457,213830.14183005848
2031-05-11,177516.539729439,596232.3163088502,236375.26499359377,947485.1295417415,117988.40611930274,356254.7974856367,296582.0907035173,416496.6125700299,212955.12627991012
2031-05-18,175449.17621020635,587206.1666912885,233646.55841447445,941251.7579934062,117780.26183644238,349554.7202584008,292736.97926960496,409522.26795760245,211555.42154859353
2031-05-25,174021.41977136594,579811.5061420862,229911.80931930235,926034.2222905388,116382.72837297255,346377.1794200983,288132.1254509928,405229.87466663757,209216.2320676023
2031-06-01,171868.65771697956,568641.4954313725,230872.66144346926,916774.2188297245,114026.58410467517,343040.6180698998,286424.2860214333,399061.7713869462,205844.38073366153
2031-06-08,170570.70918613492,565744.237437478,224448.23304324228,902088.714381116,112794.68962220578,338467.220674861,281863.0467963858,394260.3722193438,202944.64563536618
2031-06-15,167311.29315747952,556941.9613823193,221910.0467482009,893029.4024902353,111407.31468229886,331501.6449706691,278289.42605152907,391527.2173467953,200287.66541140285
2031-06-22,163522.17213047194,551924.3030489928,218329.65319640274,874220.2910908127,109198.57633835614,331527.2147578051,272591.0827373156,383965.04117109213,196537.85731695057
2031-06-29,160597.86529706686,536802.808747878,215336.30843191335,853023.4770635894,108050.93989093513,324817.9436840366,270312.1537911465,377809.4691804846,194779.8746928352
2031-07-06,158957.44210756713,529176.2182489508,212267.07418445565,850853.0338905214,106907.60473326786,318080.18293846323,263218.2039883806,367561.44235321647,191061.61747753315
2031-07-13,154954.70241705066,520439.71695033065,208786.97658478128,828083.0831822357,103570.25853189328,311997.8099365579,262048.17922554925,361856.8613797702,187919.39470268445
2031-07-20,154753.36561882394,515209.53834751924,203923.2846206753,815410.3828823816,101562.65872804522,306441.2296340146,253448.40693676993,352917.7459495779,183186.18480228639
2031-07-27,151815.59195655055,502865.1340557312,201074.22744089304,802582.7514425438,100772.58387514217,300434.14604198583,252095.14902404541,350755.9445837942,181045.76465724636
2031-08-03,148282.84643056872,496146.64771325,198462.21751001797,798216.302610802,99450.60003232791,297385.6771170728,248318.83530257037,348488.5963053518,178091.25444972806
2031-08-10,145239.97599796625,489935.8309235727,195117.744733529,772923.0465829354,97567.78474293389,293436.2825997829,243213.59848971458,342795.9191570566,174924.75103562075
2031-08-17,145647.9008860807,482574.8448260797,194450.67438329553,783924.3093637421,97148.29473529829,287402.35234769084,241584.65343142065,337088.17720256594,173883.14369209917
2031-08-24,142899.84830686363,475503.0932663006,191138.64587270905,766814.9109205473,94654.53256067378,286472.7710074735,239908.98698853867,333594.39861536724,171099.02264696185
2031-08-31,142537.39356429732,472515.3294166366,189546.91955980615,756141.1227515419,94752.48019839397,282985.17408739735,233244.02866800284,329215.52340456663,170520.70104324588
2031-09-07,139327.0074371009,471093.506645305,188026.65217692964,749235.5076305838,93378.95504375167,278183.94502557727,234833.14464469132,328244.927133662,167664.2214108311
2031-09-14,139293.87321642108,463245.0600302603,187498.0131690005,746440.3735454914,94021.95860886124,278196.2314511036,229789.08561398138,327408.2307842427,169239.22193192132
2031-09-21,139286.48021740903,464607.582327435,185891.08481553086,744924.742740826,93851.28930499764,277944.6865851083,230930.49806662992,322164.8088214792,166332.3575384116
2031-09-28,139182.63428925417,462074.3607757542,184233.033177285,744700.3228447636,92381.60426872876,281126.32917387155,233948.78936267726,325201.64742288686,167174.25071619716
2031-10-05,139002.80180721902,467455.4529417403,186186.82249952393,745370.9560550989,92618.78870593135,279515.53150845756,231506.69064297402,326759.2464827704,167921.09447234342
2031-10-12,140326.14886931313,462388.73747154896,185827.32499961153,746273.0502986345,93669.13489019158,277714.80048645515,231631.00241124298,325611.26780776994,167317.2373168829
2031-10-19,139895.523263784,467590.15733455744,187066.36809934484,749590.5854431491,93603.92706565253,282121.53160576837,234246.30881513737,329517.4494381266,169602.70808207477
2031-10-26,141733.4605893836,473743.8470314934,189706.6909562879,755876.2146155172,94537.45785980028,281359.5344228916,238985.29159462047,335886.2174185094,169102.02900575916
2031-11-02,143364.99225562747,481496.3785125643,192271.310447225,763352.4763817547,95529.20789816689,288173.5776445177,236501.6814107317,334125.19801990787,173236.63056747653
2031-11-09,145365.14654024926,483100.01572966826,193327.0281296763,777758.1065992292,95693.0416983713,289251.9478516836,240318.05830162618,338973.36130515474,173987.91523611543
2031-11-16,147463.1623308077,488376.8384240704,196214.76790892033,785997.9664744089,97946.04857511356,293718.4480613733,246754.20822437623,341543.78617215494,175778.57113951727
2031-11-23,148253.6743464336,501693.41239130805,200498.42283171785,783423.2770096734,99053.24005650922,300183.0068019373,250817.38778827546,348210.55333694816,178647.3235031897
2031-11-30,150300.6574518304,501217.4421818998,202175.74395266475,810363.5661988239,100720.93397538821,300971.74080688786,252289.44943610736,354191.70919677726,182469.519038312
2031-12-07,154916.06384293796,507695.6725301634,207878.75808286585,821887.2446536169,103360.35348607713,305819.93517535867,255047.5278326985,359575.8552906723,184223.3577091515
2031-12-14,156829.95098158967,523035.75436714996,209339.7969424382,835022.314161443,103758.89020126371,312286.031955691,263587.66349826974,363570.53595992114,187222.4366466455
2031-12-21,158720.77944501696,529685.3455972329,210615.42970409,847950.6960406278,106594.6988249969,320121.8569713977,267463.29356874374,372019.4699104997,190939.19027909584
2031-12-28,163186.48536892523,537523.9892481177,216784.17013748235,868619.7649454552,107875.93279302299,321767.2236613514,270887.21938017505,380612.792796417,193368.47976324707
2032-01-04,164850.8544028517,550984.5525420218,220066.62295439217,882531.9641265289,109702.85220050678,325279.96345709823,273591.327775715,385234.67558454187,199355.40762970605
2032-01-11,168350.00019000925,558827.9261242994,224577.1224900313,890057.9682724997,112038.87081600013,334254.31631630927,279047.92549388815,392436.37461878563,200448.87763026042
2032-01-18,170139.0754091099,565551.2585833324,227457.7634153397,908766.5374047771,113562.31667931932,341004.48429597105,283280.2774787811,396458.24766459997,204854.57896522514
2032-01-25,174140.56063834575,572115.9046522704,229988.21027559528,916620.038100151,115348.63962839928,346990.39201397676,288071.89695524325,404033.9913732548,207302.5227089041
2032-02-01,176265.59249108683,585344.7661848818,232041.1509093832,927543.3239235345,117116.8169031027,349203.43167538074,293395.56322975486,408703.2547218059,209052.82358567155
2032-02-08,176930.06849096605,592014.8082859813,235946.69887914782,942116.0196473756,117912.20687662526,353616.4432939767,296293.92397196405,411608.41996180656,212534.79068449902
2032-02-15,179795.60357307698,596641.8115400888,237905.38002560567,958473.175808791,119071.83187265361,359864.7018211061,297098.1555035377,418380.2375980742,215585.91293321317
2032-02-22,181255.50420491173,607188.1666325288,240448.10620715912,967927.0188093596,119971.73956520302,358738.3319359026,303006.4076337292,420064.6327386662,216756.3314896898
2032-02-29,183232.47123956608,604678.1133222406,243529.90849964303,973817.6620612788,121057.95978262174,363829.2139800591,304068.07779404445,424039.78718559083,219720.9987369661
2032-03-07,182626.3115933104,607352.8677018398,246136.57675601207,980767.0721540346,123707.8833384847,366985.64421237854,306442.17255939945,428148.00097816775,220939.36887999828
2032-03-14,184701.76994951276,612227.6676736767,245977.6466691749,984396.6137058674,123413.82736004435,369048.2907909554,308811.8949982882,430290.38397228107,221851.70099460921
2032-03-21,185499.7102288752,615572.3411715712,245078.63942294882,982532.1635590442,122461.724059388,368647.0736876897,306453.67779433803,428899.25753483706,221233.37914143992
2032-03-28,183579.7893158185,616937.8283920928,246976.3945757346,987854.8578087535,122604.66697538544,369849.3493788304,308119.95791100996,433275.11093772034,220906.7545137597
2032-04-04,183876.2514474468,615275.8942951795,247548.22526257377,988608.0132046232,123416.72991882332,365794.8996337728,307275.1740307112,432116.30009490007,221164.2055535088
2032-04-11,182773.41415761,615222.932794386,245127.33481692072,985965.6362042147,123142.19125930902,367618.3039633594,305211.57286984334,428806.6812498512,221340.02279571616
2032-04-18,183321.35946753641,608615.8667507566,244563.8689578202,983547.1979838711,122623.38497990524,367727.0922555714,306305.7451276225,425530.5273240769,220719.30555422293
2032-04-25,182975.36813609622,611733.4496576807,243264.3034537282,975831.6764248003,121497.32973272266,363400.9818371165,307201.4647632293,425433.2436898558,216970.23946881472
2032-05-02,182187.25737283545,603329.5873332301,240629.08779860236,967061.7372769046,120644.26592584084,362209.4554999113,299467.3854589736,421694.07419619104,217265.28561906557
2032-05-09,179469.3172544247,600839.0601426701,239866.6086593237,961153.913855185,119773.1038748196,359497.8010894238,298982.559518038,418830.07019443257,215438.77570572274
2032-05-16,178742.87753896063,592594.8662985516,236574.2730244351,946674.7996551752,118390.5570896681,354529.0079582777,296669.7051351471,413581.1828958028,212775.90922505458
2032-05-23,174376.43851125814,585846.9317309487,234301.55191713278,932000.5792879921,115831.35955023911,351078.7248663335,292506.3720936024,405780.4845718412,211655.96398101744
2032-05-30,171837.6940790406,578475.1878957704,229932.81570027387,922628.9636565289,115295.25412375039,344786.36296918703,288383.9747819503,403255.93164460594,208117.87915709414
2032-06-06,170624.81045596092,570007.5088338213,227117.83667318782,907241.5693148191,113351.94426962546,341023.0255407227,282820.09826258174,397686.932759275,205978.93819343287
2032-06-13,168389.41453895488,561944.6917405037,224857.53529416167,893839.9026454381,112155.18267762121,337118.0551588847,280459.9258490926,393345.4261819389,201527.2740743853
2032-06-20,165433.2189845587,554848.6814774288,220237.48690874732,881863.2055604943,111797.78953172125,331150.9395327112,274816.945104779,384846.2106758991,199393.01779801142
2032-06-27,161223.9848989585,543073.1911708816,218759.7191498846,864961.341510605,108700.11848206275,324669.3360436309,268553.5419920908,382745.00245104166,196801.03952386085
2032-07-04,160024.55287271325,535410.4857351307,213055.55435084915,852588.9160272988,106570.83042514567,320519.1104111319,268312.22844622185,370201.21247517096,193290.19558716274
2032-07-11,156469.4153703479,524601.5524167039,210155.04138672064,832146.9679760598,105426.079081473,315967.44967740803,263610.92810101353,369672.6672778499,187954.39356078597
2032-07-18,155384.91612946612,519875.8320981023,207442.8064556645,826894.0373246574,103496.45175550031,306690.41151782096,258202.34575080316,361000.3191425983,185630.88559162413
2032-07-25,152708.85072399248,506422.026042918,201826.83698629343,812985.6327783548,101832.64860483917,306606.4151762735,254342.8467592902,357183.3782852475,182610.03421239898
2032-08-01,149432.7085033123,504961.07889246964,198422.6823120963,797465.6099720355,100395.17085864636,299770.85457809403,251572.26142099075,350460.7620642376,180605.47109323804
2032-08-08,147642.31688019237,493325.3286840389,195844.63310968978,792118.1403707692,99713.41649454471,296693.66903625015,246993.28635129746,347392.22868049936,178250.97868134698
2032-08-15,145340.97663745025,483541.0181742614,196109.76647524978,783139.0100377966,96858.14696824834,294066.64394320175,244688.9999082299,340304.68571272213,174607.46072801715
2032-08-22,144441.63404125872,481949.0722513222,192099.66633972566,764175.8584849965,96562.57828121478,286919.77618258144,240442.5528559303,335217.58210577053,173447.42669958153
2032-08-29,143828.27824410357,475337.1092020716,193374.0946239718,760212.6822389492,94944.75710416099,285159.68150381395,240159.84884609684,336413.6993447555,169916.37120553266
2032-09-05,141286.4238198554,475520.6700544954,188803.37687415205,754393.9284920886,94961.56855957584,283618.61366540054,237110.51274842766,331194.75169712276,171728.6125307502
2032-09-12,141624.32954368516,469189.4222419,188512.94417925942,749553.9590998141,93704.85318228813,281316.9590324069,235653.05602458533,329962.41486195155,169034.4167718471
2032-09-19,140387.74440225144,468169.33347039897,189256.02677394226,754173.5666532245,93648.27500388464,284173.28009581676,233054.81966582793,330660.1702869836,168992.80268509698
2032-09-26,140055.63439314428,464110.44489710627,189539.81157794717,749359.570204061,93619.31438777507,280015.4198939419,234775.8431801122,326378.0860334638,168501.66207822
2032-10-03,140762.96831427293,468346.7044826735,189852.49168895488,750105.8930840314,94383.40241583159,280853.16199924744,233698.79149353004,329676.33826742606,170043.3141185987
2032-10-10,140585.4698516484,465146.64032830414,189690.90168854376,745914.6923741754,94700.49495094651,283030.3867343303,234805.31591427766,328812.1212276035,167080.5261148979
2032-10-17,141783.8917802209,470037.33880539006,190622.9008714532,760937.0255034039,94176.56048459768,282595.0332293485,235979.32839665702,331566.6707324954,170624.00520298423
2032-10-24,142444.72695711837,479711.4878955607,191716.70745128123,759539.6884289063,95589.55730653994,286092.7496854856,237572.43196272594,334593.80406806257,171916.5255701241
2032-10-31,146251.20455494133,484556.7027474738,193815.24201650536,772387.2542824202,96163.65054279477,290031.5013023833,243952.06542919457,335189.1533880606,173324.92009747235
2032-11-07,146508.65525209426,489337.6691981807,194758.4244011588,782347.948221782,97025.55260340599,292465.1245696572,245801.18647434466,340428.852880667,177332.25299681065
2032-11-14,147907.54721465698,492357.03079434845,197091.58957744628,797081.7882268289,98846.38570522211,296724.6024029529,249787.69495376607,348706.507368243,177320.2131018115
2032-11-21,150760.53102177306,501880.87523871963,200796.6869942189,797964.964210043,100245.78933158702,300406.0940087722,249471.45804009284,352950.9421203756,181414.67186597895
2032-11-28,152869.88721602457,509838.1044965824,203768.65971519865,803677.328727611,103182.78041203454,303636.5610428142,255012.62260954303,356783.35833069356,183865.58741378668
2032-12-05,155294.9692002744,515306.40961009974,206827.70048390518,829859.1123119446,103856.94417929657,311403.7826168575,257484.27613503544,363167.09098555427,187688.2030071912
2032-12-12,158544.23067104814,530703.847907803,211474.52830881078,850314.6081714596,104700.26168029991,318799.61089950195,262603.05748019624,368346.8221225058,189099.85659891894
2032-12-19,161353.16530338023,538143.5207959218,215335.3512363635,862475.9695229298,106907.63601181103,321597.6714878647,266827.39880547056,377539.1014738367,192282.3694158023
2032-12-26,163128.1356999857,544534.2947677379,218123.08896721664,872977.3659847977,109528.0326881771,327389.9192972585,274092.83260920795,381210.07663047855,197217.67678956196
2033-01-02,165835.12492005876,554290.5099326272,223166.84821511165,884790.7277936973,111888.88045346315,333573.06133375986,276616.36056994327,388362.03039583465,199903.17549814782
2033-01-09,168762.12870250805,563749.0152711082,224149.5341863622,904393.3835885321,111852.61999412888,336032.83920592355,282949.5032927372,396265.1935281161,201371.65735843708
2033-01-16,169864.88584791118,566866.7519004822,228594.77616933745,911259.5577156508,113454.25562173905,345736.42543012014,286740.69564775715,399019.36225159967,205424.2175527385
2033-01-23,172961.4965714456,579708.3561040136,231413.69750352323,930427.510373929,117000.74249974891,348499.27293082327,293042.69822028856,408956.2907650902,209265.21223017672
2033-01-30,177477.13273324835,586468.2961555554,233402.76609314687,943099.0914775463,117829.45844379542,355351.7394139636,292237.3231088503,409042.972275834,212496.3602385899
2033-02-06,179853.40756086173,592894.8892277153,238076.89501513835,956879.1424339197,118645.64148455234,356139.81405818556,299273.5111759598,419631.13120616425,213732.31054300925
2033-02-13,180383.03850360445,601196.6343786909,240638.00653597902,974077.6563330935,120647.19156524238,363866.72395038017,302382.74364345375,420677.38730571803,214060.94824909084
2033-02-20,182706.78013842503,612075.4243709012,244545.93296475304,973699.5967547587,120198.36774124703,365711.4580733186,302573.8804793549,424882.1228289499,219200.13576652316
2033-02-27,183942.32536073498,613965.0663025917,245575.9953443245,977744.8801362489,122474.27958318344,368247.33561843314,307440.39624530356,425346.55360502686,219352.37667284318
2033-03-06,187162.05496849734,614748.3670660626,245446.33899187867,985779.8060160636,123399.17349452547,370056.8254058415,308508.3384740426,430527.52942295285,220007.86831627693
2033-03-13,186529.80271150026,620398.5287131381,249440.92127023323,983271.0111960397,124255.54942171845,371007.45012873696,309199.1905549321,431457.2888025263,220279.05250102343
2033-03-20,186112.8438435378,624194.328715293,249499.40974505653,990334.6516737685,123632.24004861932,374218.3615620076,309318.050703199,433423.776982276,224183.12121875604
2033-03-27,185685.07877359592,623650.697887436,249117.74317553025,992505.4521357942,124310.6663167325,373014.00801286456,309770.67002576555,434697.08538597735,223797.83663021994
2033-04-03,185061.7507651633,621037.6942759887,248128.96324162552,991325.435770163,123715.01135720787,369582.5664553323,313006.57429532654,436298.1681711594,223316.81186378677
2033-04-10,185958.32619124095,617735.0862702045,246781.53204906388,991573.3046312843,123998.17752073084,369935.67723612057,309677.06763093104,433910.005615079,224216.99608387516
2033-04-17,184459.04170781694,618499.9075066347,246329.53291296918,983517.2790266321,122903.19668333861,369773.84090527124,309354.83711321466,432266.47859927244,222605.157934857
2033-04-24,182873.41133546142,614117.38552242,246342.21744325044,985497.9979634829,122422.68399219302,368345.2017100677,305578.2118023484,427276.41151072615,222182.79197964136
2033-05-01,182078.45009399185,610782.5822406485,245302.4259821663,973672.1869645995,121211.01214072073,365041.8767809976,303297.4834125125,424439.8997766007,217822.5937836582
2033-05-08,180105.47533980964,604643.3839792729,242765.4253182994,964851.5258755544,120936.65901592544,363661.7288697313,302880.2082490964,425286.5869146624,217068.86804946593
2033-05-15,180289.66227949687,599371.5686322732,238210.22531580366,953484.7200843081,119778.76292712329,355121.95931032696,296686.873157548,416436.7789799466,213374.1252263777
2033-05-22,177575.6345960418,588376.594565531,234766.25560448394,944164.2548865278,117825.62623390777,354044.1914614172,294338.3240873346,415698.6422572029,212090.84163532575
2033-05-29,174612.14160098007,585353.8887706442,232965.04768953455,934597.038829164,116431.19971879169,346509.2733258544,291072.73606711946,407016.9254265494,209317.99102997102
2033-06-05,173279.31950771116,574391.8703568765,227790.70917249538,914768.0732893893,114055.27856171233,345478.2912503136,287088.1514248728,401732.51382985304,207167.18595778913
2033-06-12,169662.28185639656,570535.6709337659,226462.1752150659,901923.5640472233,112919.66542643716,339066.8231796587,282449.8927698312,397616.40215694427,203566.1142438207
2033-06-19,166314.66706804337,554812.4645182414,222466.57103908743,889241.7903864377,111281.98450417217,334550.6753961153,278762.4917581025,391800.6155828182,200913.8226872994
2033-06-26,165419.79970535124,551931.4316659098,218570.57236133039,870762.9517589017,110828.7009771143,327259.08885391336,274661.8307737706,383120.1435301092,197766.04409670376
2033-07-03,161998.46560852154,539142.3872111834,213864.34103374396,858559.144965157,107173.5385376183,325107.7635490027,270242.1020580876,376373.9018331061,195852.57550055452
2033-07-10,158172.72305339214,528206.9805547538,212447.81033208565,845831.9574078851,106699.19373213418,319463.9023343622,263685.50802106014,370787.007109739,190457.02221320686
2033-07-17,156242.79788269126,520075.4583857108,207981.36834867674,837553.8334762055,104755.46398090223,313646.42023702577,260287.39261301229,365491.04675399885,186815.74183890506
2033-07-24,153280.07852279182,512321.7724389489,204079.13944806356,822046.4704511032,102764.84634413199,307679.3085553656,258054.77393206352,360745.62994862633,184945.62590918122
2033-07-31,150603.40871824478,506528.77658756496,199315.08247534244,809523.7383999665,101972.9825864096,304150.8029608788,253852.48984524744,353835.2554583319,181246.55819533608
2033-08-07,150225.24040225404,499742.44619210646,199346.62808375646,800900.1638039002,99873.12423070698,298000.8756312296,247501.6044216575,349987.801251953,180770.49338151928
2033-08-14,149070.33943263005,490693.33983107837,198623.2875330397,786854.6565918821,98620.09756601893,296559.887393086,246503.14479590266,347356.4424201216,176911.03610768224
2033-08-21,144942.6078572595,486577.5586447606,196316.63726471306,780183.3716003763,97301.12869857383,294457.2884167336,240846.44100098798,341314.20340925246,174680.8215140621
2033-08-28,145037.03860465597,487405.04815365653,192362.65264626447,770866.1085996729,97021.65889263467,290835.53919424483,241083.35475613893,337979.95307799714,173113.58986352966
2033-09-04,143040.6266011761,482747.55301864335,190769.26597699485,766547.361547025,96233.97363558375,285962.8133513238,241586.55631762827,332241.9926214665,172880.9059147454
2033-09-11,142383.84079263368,476921.42527570913,190801.02069668466,758997.9511319922,94853.2845765567,286040.49563682405,236730.44215417578,328477.653531616,171157.0495116403
2033-09-18,141844.03234626204,474389.4346602245,188719.3849467333,749115.8129105807,94199.2615956614,282636.9432632444,236104.3091755375,332685.75570151553,170168.49320921206
2033-09-25,141505.1861134916,474144.0089526338,189839.36415415475,757613.1723685958,94667.2958084698,285164.94384826644,237877.00254488518,331524.8090403452,172082.6317547629
2033-10-02,142382.5224786079,476020.8991239902,190560.9219552504,764870.3592518626,94497.40155623404,285368.1676345924,235315.05020207,331240.10325341416,170044.80465258355
2033-10-09,142241.57917956504,473658.99114324833,191713.3222463821,765650.4176989575,95211.43222394121,282924.85902444844,237317.0424907659,333777.3586466972,171469.7595868777
2033-10-16,143904.86155197662,478363.2884319141,191502.53783370904,770272.3575791207,96420.06502243657,285661.3620994149,240248.91630971344,335199.00431673613,173029.4982556193
2033-10-23,144808.3469678835,478648.62498187384,192924.36031645015,777456.6591537334,96335.36620577017,289267.342754825,240617.18527367216,339947.6750552068,172347.02906058903
2033-10-30,146101.33984351452,488599.89406872774,194162.75191812924,780517.5683833889,97498.95556178711,292109.81213661743,243505.95564709353,341471.9794030033,175968.89550566254
2033-11-06,147304.4250149948,494901.64905434346,196486.5833279948,790043.117557761,98685.74320842153,294155.9801199238,247572.0617404371,343991.44569468783,176632.5204058988
2033-11-13,149502.65302113557,498576.138907791,199687.16313351426,797183.9605199257,100381.03645381054,300453.9311321519,250418.9851361904,351581.66446265636,180662.7823256248
2033-11-20,152669.4796815021,510944.7544486677,203171.28052299324,809951.3686406,100278.51284109622,304583.08293767634,253838.41676559055,354526.87189715396,181657.13760383226
2033-11-27,154832.7113174212,511792.3305981706,206856.28252850383,826233.8762081668,102667.99880375263,308622.64315543807,257004.46952875066,361321.1605254,185971.9202407075
2033-12-04,156230.42013973597,519551.018043925,208481.6031470995,841954.6661397945,104748.03289502965,312793.4858964322,262068.55401631095,365412.8999352773,189351.55364766708
2033-12-11,159660.99504849772,532516.1156111526,214274.68299486057,850570.1926008803,106991.03669116396,320746.05232847645,265822.82718225167,371231.2931957064,192279.08785638047
2033-12-18,162851.46503678398,543577.4947373809,216112.77599129762,863734.8413099551,107945.998572417,327058.9600581427,271052.13150283246,378819.1186894203,194971.69461652046
